u v
8.916419000625800395e-01 0.000000000000000000e+00
8.897795591182363628e-01 2.000048411940708471e-03
8.897758766825009102e-01 2.004008016032063962e-03
8.879151253041434044e-01 4.008016032064127925e-03
8.877755511022042967e-01 4.158142312735775732e-03
8.860541357895169723e-01 6.012024048096191453e-03
8.857715430861722306e-01 6.315948563336564944e-03
8.841927542304846011e-01 8.016032064128255849e-03
8.837675350701401644e-01 8.473299786987400703e-03
8.823309819490148254e-01 1.002004008016032024e-02
8.817635270541082093e-01 1.063019723893702737e-02
8.804688202732424696e-01 1.202404809619238291e-02
8.797595190380760322e-01 1.278664217424391354e-02
8.786062705376139759e-01 1.402805611222444730e-02
8.777555110220439660e-01 1.494263584782053525e-02
8.767433340830377286e-01 1.603206412825651170e-02
8.757515030060118999e-01 1.709817951447716033e-02
8.748800122570341564e-01 1.803607214428857436e-02
8.737474949899798338e-01 1.925327442896841018e-02
8.730163064138922735e-01 2.004008016032064049e-02
8.717434869739478787e-01 2.140792184603862447e-02
8.711522179148278866e-01 2.204408817635270315e-02
8.697394789579158125e-01 2.356212302046805165e-02
8.692877481281424679e-01 2.404809619238476581e-02
8.677354709418836354e-01 2.571587920712077938e-02
8.674228984293914646e-01 2.605210420841683194e-02
8.657314629258516803e-01 2.786919166099147138e-02
8.655576702015481683e-01 2.805611222444889460e-02
8.637274549098196141e-01 3.002206163725535185e-02
8.636920648351793517e-01 3.006012024048096073e-02
8.618305376303498910e-01 3.206412825651302340e-02
8.617234468937875480e-01 3.217935816867818072e-02
8.599701453532194728e-01 3.406813627254508953e-02
8.597194388777553709e-01 3.433786560868016396e-02
8.581093522272583707e-01 3.607214428857714872e-02
8.577154308617234157e-01 3.649590544420287797e-02
8.562481597312152637e-01 3.807615230460921485e-02
8.557114228456913496e-01 3.865347906298749470e-02
8.543865693517089799e-01 4.008016032064128098e-02
8.537074148296592835e-01 4.081058785323057186e-02
8.525245825834166791e-01 4.208416833667333323e-02
8.517034068136272174e-01 4.296723320364689847e-02
8.506622009292672537e-01 4.408817635270540630e-02
8.496993987975951512e-01 4.512341650353629552e-02
8.487994259006388376e-01 4.609218436873747243e-02
8.476953907815630851e-01 4.727913914284975760e-02
8.469362590175602001e-01 4.809619238476953162e-02
8.456913827655310190e-01 4.943440251225720422e-02
8.450727018089161380e-01 5.010020040080159776e-02
8.436873747494989528e-01 5.158920800321556421e-02
8.432087558126568627e-01 5.210420841683366389e-02
8.416833667334668867e-01 5.374355700803985780e-02
8.413444225760146056e-01 5.410821643286573002e-02
8.396793587174348206e-01 5.589745091997239818e-02
8.394797036557201109e-01 5.611222444889778921e-02
8.376753507014027544e-01 5.805089113325732908e-02
8.376146006182305648e-01 5.811623246492985534e-02
8.357525949671782417e-01 6.012024048096191453e-02
8.356713426853706883e-01 6.020770747201803497e-02
8.338928994799735817e-01 6.212424849699398066e-02
8.336673346693386222e-01 6.236703523664200582e-02
8.320327947184016359e-01 6.412825651302604679e-02
8.316633266533066671e-01 6.452588283758643739e-02
8.301722823523026706e-01 6.613226452905811292e-02
8.296593186372744899e-01 6.668425182473719515e-02
8.283113640617060236e-01 6.813627254509017905e-02
8.276553106212424238e-01 6.884214374947339454e-02
8.264500415370804598e-01 7.014028056112225906e-02
8.256513026052103577e-01 7.099956016476395571e-02
8.245883164795888565e-01 7.214428857715429744e-02
8.236472945891782915e-01 7.315650262526504632e-02
8.227261906013499937e-01 7.414829659318636357e-02
8.216432865731462254e-01 7.531297268741957152e-02
8.208636656257051190e-01 7.615230460921842970e-02
8.196392785571141593e-01 7.746897190955853718e-02
8.190007432874907289e-01 7.815631262525049583e-02
8.176352705410820931e-01 7.962450185200434238e-02
8.171374253333179016e-01 8.016032064128256196e-02
8.156312625250500270e-01 8.177956407717647258e-02
8.152737135218590669e-01 8.216432865731462809e-02
8.136272545090179609e-01 8.393416014969881656e-02
8.134096096241393292e-01 8.416833667334668034e-02
8.116232464929858947e-01 8.608829163650838501e-02
8.115451154238357834e-01 8.617234468937874647e-02
8.096830487128312548e-01 8.817635270541079873e-02
8.096192384769538286e-01 8.824508097644104265e-02
8.078241743164300548e-01 9.018036072144287874e-02
8.076152304609217625e-01 9.040537750427626862e-02
8.059648829374959078e-01 9.218436873747494487e-02
8.056112224448896963e-01 9.256518162886075152e-02
8.041051764827267245e-01 9.418837675350701100e-02
8.036072144288575192e-01 9.472449510243019510e-02
8.022450568722283570e-01 9.619238476953906325e-02
8.016032064128255641e-01 9.688331968037036668e-02
8.003845260398514405e-01 9.819639278557112938e-02
7.995991983967934980e-01 9.904165712136135669e-02
7.985235859335353403e-01 1.002004008016031955e-01
7.975951903807614318e-01 1.011995091875264319e-01
7.966622385156623132e-01 1.022044088176352616e-01
7.955911823647293657e-01 1.033568776445836224e-01
7.948004857634192177e-01 1.042084168336673278e-01
7.935871743486972996e-01 1.055137642620000288e-01
7.929383296691679961e-01 1.062124248496993939e-01
7.915831663326653445e-01 1.076701708131507229e-01
7.910757722408254811e-01 1.082164328657314600e-01
7.895791583166331673e-01 1.098260990754802019e-01
7.892128155022539726e-01 1.102204408817635123e-01
7.875751503006011012e-01 1.119815508306662988e-01
7.873494614936572544e-01 1.122244488977955784e-01
7.855711422845690350e-01 1.141365278647917675e-01
7.854857122719937079e-01 1.142284569138276445e-01
7.836241647287381928e-01 1.162324649298596968e-01
7.835671342685369689e-01 1.162939315298759657e-01
7.817662686442510278e-01 1.182364729458917768e-01
7.815631262525049028e-01 1.184553840916734158e-01
7.799079490900470146e-01 1.202404809619238429e-01
7.795591182364728366e-01 1.206163327969994731e-01
7.780492082720624758e-01 1.222444889779558813e-01
7.775551102204407705e-01 1.227767796562002911e-01
7.761900484141959211e-01 1.242484969939879613e-01
7.755511022044085934e-01 1.249367266854046199e-01
7.743304717587745634e-01 1.262525050100200275e-01
7.735470941883766383e-01 1.270961759067488483e-01
7.724704805670317143e-01 1.282565130260520936e-01
7.715430861723446831e-01 1.292551293486058350e-01
7.706100771195973920e-01 1.302605210420841597e-01
7.695390781563125060e-01 1.314135890458202616e-01
7.687492637170006970e-01 1.322645290581162258e-01
7.675350701402805509e-01 1.335715570399490792e-01
7.668880426801856220e-01 1.342685370741482920e-01
7.655310621242484848e-01 1.357290353795090887e-01
7.650264163510428483e-01 1.362725450901803581e-01
7.635270541082164186e-01 1.378860261202283499e-01
7.631643870929510909e-01 1.382765531062124242e-01
7.615230460921843525e-01 1.400425313253055026e-01
7.613019572913375388e-01 1.402805611222444904e-01
7.595190380761522864e-01 1.421985530656760255e-01
7.594391293542513965e-01 1.422845691382765287e-01
7.575789035839124441e-01 1.442885771543085949e-01
7.575150300601202202e-01 1.443574746707321499e-01
7.557221875169874981e-01 1.462925851703406610e-01
7.555110220440881541e-01 1.465203228203850738e-01
7.538650434697655722e-01 1.482965931863727271e-01
7.535070140280559770e-01 1.486826571700686217e-01
7.520074740344795394e-01 1.503006012024047933e-01
7.515030060120240218e-01 1.508444800674800523e-01
7.501494818279209609e-01 1.523046092184368594e-01
7.494989979959919557e-01 1.530057938703087705e-01
7.482910694921003358e-01 1.543086172344689255e-01
7.474949899799598896e-01 1.551666009465882956e-01
7.464322396949276683e-01 1.563126252505009917e-01
7.454909819639278235e-01 1.573269036750595817e-01
7.445729951309110195e-01 1.583166332665330578e-01
7.434869739478957573e-01 1.594867044455426930e-01
7.427133385218759321e-01 1.603206412825651239e-01
7.414829659318636912e-01 1.616460056593190253e-01
7.408532726177032846e-01 1.623246492985971901e-01
7.394789579158316251e-01 1.638048097295229932e-01
7.389928001970914595e-01 1.643286573146292562e-01
7.374749498997995589e-01 1.659631190815459012e-01
7.371319240683362750e-01 1.663326653306613223e-01
7.354709418837674928e-01 1.681209361534486690e-01
7.352706470701366737e-01 1.683366733466933607e-01
7.334669338677354267e-01 1.702782633963871306e-01
7.334089720724228378e-01 1.703406813627254268e-01
7.315511766997708776e-01 1.723446893787574929e-01
7.314629258517033605e-01 1.724399757974893199e-01
7.296959035176242558e-01 1.743486973947895591e-01
7.294589178356712944e-01 1.746045307375828359e-01
7.278402009687316987e-01 1.763527054108216252e-01
7.274549098196392283e-01 1.767685645725753374e-01
7.259840721563457500e-01 1.783567134268536913e-01
7.254509018036072732e-01 1.789320801031636377e-01
7.241275202180681436e-01 1.803607214428857297e-01
7.234468937875750960e-01 1.810950801468347304e-01
7.222705483268174742e-01 1.823647294589178236e-01
7.214428857715429189e-01 1.832575675384337521e-01
7.204131596918275093e-01 1.843687374749498897e-01
7.194388777555109638e-01 1.854195451307492915e-01
7.185553575596743681e-01 1.863727454909819559e-01
7.174348697394788976e-01 1.875810157951149360e-01
7.166971452153362288e-01 1.883767535070140220e-01
7.154308617234468315e-01 1.897419824220296647e-01
7.148385259832846783e-01 1.903807615230461159e-01
7.134268537074147654e-01 1.919024479217950330e-01
7.129795032286101453e-01 1.923847695390781265e-01
7.114228456913826992e-01 1.940624152251719803e-01
7.111200803581820828e-01 1.943887775551101926e-01
7.094188376753506331e-01 1.962218872840573169e-01
7.092602608218456783e-01 1.963927855711422588e-01
7.074148296593185670e-01 1.983808670721808887e-01
7.074000481136569762e-01 1.983967935871743249e-01
7.055462166999726392e-01 2.004008016032063910e-01
7.054108216432865008e-01 2.005471689451991946e-01
7.036927349894211980e-01 2.024048096192384572e-01
7.034068136272544347e-01 2.027138420283476350e-01
7.018388274202296273e-01 2.044088176352705233e-01
7.014028056112223686e-01 2.048799911218943670e-01
6.999844977905800292e-01 2.064128256513025894e-01
6.993987975951903024e-01 2.070456196533184134e-01
6.981297499479536262e-01 2.084168336673346555e-01
6.973947895791582363e-01 2.092107310780493834e-01
6.962745877905950342e-01 2.104208416833667217e-01
6.953907815631261702e-01 2.113753288804033070e-01
6.944190152690260520e-01 2.124248496993987878e-01
6.933867735470941041e-01 2.135394165745532202e-01
6.925630363876109641e-01 2.144288577154308539e-01
6.913827655310620379e-01 2.157029977055263670e-01
6.907066552061704723e-01 2.164328657314629201e-01
6.893787575150299718e-01 2.178660758502370398e-01
6.888498758416519152e-01 2.184368737474949862e-01
6.873747494989979057e-01 2.200286546185479253e-01
6.869927024698534446e-01 2.204408817635270246e-01
6.853707414829658395e-01 2.221907376543717227e-01
6.851351393272097079e-01 2.224448897795590907e-01
6.833667334669337734e-01 2.243523286368037939e-01
6.832771907126341526e-01 2.244488977955911568e-01
6.814219228837443687e-01 2.264529058116232230e-01
6.813627254509017073e-01 2.265170107126191490e-01
6.795711233395906881e-01 2.284569138276552891e-01
6.793587174348696411e-01 2.286868803084518564e-01
6.777199044225860058e-01 2.304609218436873552e-01
6.773547094188375750e-01 2.308562260350864315e-01
6.758682708352254931e-01 2.324649298597194214e-01
6.753507014028055089e-01 2.330250521713714829e-01
6.740162273506342672e-01 2.344689378757514875e-01
6.733466933867734427e-01 2.351933630412844090e-01
6.721637788147905024e-01 2.364729458917835259e-01
6.713426853707413766e-01 2.373611630154719987e-01
6.703109301488319183e-01 2.384769539078155920e-01
6.693386773547093105e-01 2.395284565128460996e-01
6.684576863514399836e-01 2.404809619238476859e-01
6.673346693386772444e-01 2.416952480022332705e-01
6.666040525013119389e-01 2.424849699398797520e-01
6.653306613226452892e-01 2.438615420040816661e-01
6.647500337597231912e-01 2.444889779559117904e-01
6.633266533066132231e-01 2.460273430922286786e-01
6.628956353731781936e-01 2.464929859719438565e-01
6.613226452905811570e-01 2.481926558957293638e-01
6.610408626761645756e-01 2.484969939879759226e-01
6.593186372745492019e-01 2.503574851007519531e-01
6.591857210940041956e-01 2.505010020040079888e-01
6.573310974116411964e-01 2.525050100200400549e-01
6.573146292585170247e-01 2.525228814255032761e-01
6.554835933844088691e-01 2.545090180360721210e-01
6.553106212424849586e-01 2.546966872223020983e-01
6.536356859839640432e-01 2.565130260521041872e-01
6.533066132264530035e-01 2.568699787329341011e-01
6.517873811883243551e-01 2.585170340681362533e-01
6.513026052104208263e-01 2.590427614619670860e-01
6.499386850796957660e-01 2.605210420841683194e-01
6.492985971943887602e-01 2.612150409876203838e-01
6.480896038479750931e-01 2.625250501002003856e-01
6.472945891783566941e-01 2.633868229643704373e-01
6.462401437943868787e-01 2.645290581162325072e-01
6.452905811623246279e-01 2.655581131256528060e-01
6.443903113352598133e-01 2.665330661322645178e-01
6.432865731462925618e-01 2.677289172866673672e-01
6.425401130059521515e-01 2.685370741482965840e-01
6.412825651302604957e-01 2.698992413472883767e-01
6.406895554649303381e-01 2.705410821643286501e-01
6.392785571142284295e-01 2.720690912950858298e-01
6.388386454980079510e-01 2.725450901803607162e-01
6.372745490981963634e-01 2.742384732084625076e-01
6.369873900227550623e-01 2.745490981963927823e-01
6.352705410821642973e-01 2.764073932599141470e-01
6.351357960930843483e-01 2.765531062124248485e-01
6.332848871333375262e-01 2.785571142284569146e-01
6.332665330661322312e-01 2.785770852574817047e-01
6.314415124111799615e-01 2.805611222444889252e-01
6.312625250501001650e-01 2.807558316902596385e-01
6.295977653492693671e-01 2.825651302605209914e-01
6.292585170340680989e-01 2.829340888783841712e-01
6.277536537860155530e-01 2.845691382765530575e-01
6.272545090180360328e-01 2.851118641532917608e-01
6.259091857186717123e-01 2.865731462925851236e-01
6.252505010020039666e-01 2.872891649688183446e-01
6.240643693090750510e-01 2.885771543086171897e-01
6.232464929859719005e-01 2.894659989057531968e-01
6.222192128896251173e-01 2.905811623246492559e-01
6.212424849699398344e-01 2.916423736765770824e-01
6.203737249695162603e-01 2.925851703406813220e-01
6.192384769539077682e-01 2.938182971303937574e-01
6.185279142412332121e-01 2.945891783567133881e-01
6.172344689378757021e-01 2.959937772580689685e-01
6.166817895873285549e-01 2.965931863727454543e-01
6.152304609218436360e-01 2.981688221975805630e-01
6.148353600874898461e-01 2.985971943887775204e-01
6.132264529058115698e-01 3.003434402395949721e-01
6.129886350259157179e-01 3.006012024048095865e-01
6.112224448897795037e-01 3.025176398332788397e-01
6.111416238990161620e-01 3.026052104208416527e-01
6.092989470343853631e-01 3.046092184368737743e-01
6.092184368737474376e-01 3.046971146637899031e-01
6.074608637178317005e-01 3.066132264529057849e-01
6.072144288577153715e-01 3.068822017381064304e-01
6.056224632477914538e-01 3.086172344689378511e-01
6.052104208416833053e-01 3.090668501752952269e-01
6.037837562802608193e-01 3.106212424849699172e-01
6.032064128256512392e-01 3.112510701379239686e-01
6.019447537226657596e-01 3.126252505010019833e-01
6.012024048096191731e-01 3.134348719972734898e-01
6.001054667437052403e-01 3.146292585170340494e-01
5.991983967935871069e-01 3.156182663416190470e-01
5.982659067836478828e-01 3.166332665330661156e-01
5.971943887775550408e-01 3.178012639848826204e-01
5.964260855651047910e-01 3.186372745490981817e-01
5.951903807615229747e-01 3.199838759756754580e-01
5.945860151043061981e-01 3.206412825651302478e-01
5.931863727454909085e-01 3.221661136067525133e-01
5.927457077229094651e-01 3.226452905811623140e-01
5.911823647294588424e-01 3.243479884248999801e-01
5.909051760603668546e-01 3.246492985971943801e-01
5.891783567134267763e-01 3.265295122412802953e-01
5.890644330868872736e-01 3.266533066132264462e-01
5.872265914477696747e-01 3.286573146292585124e-01
5.871743486973947102e-01 3.287146074812105634e-01
5.853957025811955539e-01 3.306613226452905785e-01
5.851703406813626440e-01 3.309084055735517227e-01
5.835645767455138744e-01 3.326653306613226446e-01
5.831663326653305779e-01 3.331018444346868224e-01
5.817332286510135120e-01 3.346693386773546552e-01
5.811623246492985118e-01 3.352949384607048500e-01
5.799016734065679524e-01 3.366733466933867214e-01
5.791583166332665567e-01 3.374877024008857695e-01
5.780699265365722983e-01 3.386773547094187875e-01
5.771543086172343795e-01 3.396801513727719657e-01
5.762380039987333724e-01 3.406813627254508536e-01
5.751503006012023134e-01 3.418723008779809280e-01
5.744059222027624312e-01 3.426853707414829198e-01
5.731462925851702472e-01 3.440641668188032520e-01
5.725736980300262235e-01 3.446893787575149859e-01
5.711422845691381811e-01 3.462557655156274228e-01
5.707413488542102398e-01 3.466933867735470520e-01
5.691382765531061150e-01 3.484471137252448392e-01
5.689088925630620963e-01 3.486973947895791182e-01
5.671342685370740488e-01 3.506382286600852050e-01
5.670763475812762300e-01 3.507014028056111843e-01
5.652511544707096158e-01 3.527054108216432504e-01
5.651302605210419827e-01 3.528387503543551906e-01
5.634296378381407067e-01 3.547094188376753165e-01
5.631262525050100276e-01 3.550439504222249187e-01
5.616080181612636002e-01 3.567134268537073827e-01
5.611222444889779615e-01 3.572489314730620813e-01
5.597863165873810942e-01 3.587174348697393933e-01
5.591182364729458953e-01 3.594537148096370593e-01
5.579645549228610113e-01 3.607214428857714594e-01
5.571142284569138292e-01 3.616583223546840919e-01
5.561427556637845715e-01 3.627254509018035811e-01
5.551102204408817631e-01 3.638627766797052354e-01
5.543209420282937394e-01 3.647294589178356472e-01
5.531062124248496970e-01 3.660671010353377941e-01
5.524991379907491229e-01 3.667334669338677133e-01
5.511022044088176308e-01 3.682713193833905829e-01
5.506773683178188827e-01 3.687374749498997795e-01
5.490981963927855647e-01 3.704754564306502740e-01
5.488556586066244414e-01 3.707414829659318456e-01
5.470941883767534986e-01 3.726795376645799518e-01
5.470340353250864318e-01 3.727454909819639117e-01
5.452208353602036039e-01 3.747494989979959779e-01
5.450901803607214324e-01 3.748946986125235026e-01
5.434117966855556148e-01 3.767535070140280440e-01
5.430861723446893663e-01 3.771152931004998488e-01
5.416028486926300900e-01 3.787575150300601656e-01
5.410821643286571891e-01 3.793358823963129400e-01
5.397940221377541814e-01 3.807615230460922318e-01
5.390781563126252340e-01 3.815564985604266157e-01
5.379853488658115079e-01 3.827655310621242424e-01
5.370741482965931679e-01 3.837771747375846587e-01
5.361768618656309604e-01 3.847695390781562530e-01
5.350701402805611018e-01 3.859979452118994514e-01
5.343685953287491408e-01 3.867735470941883191e-01
5.330661322645290356e-01 3.882188454652498177e-01
5.325605847117929059e-01 3.887775551102203853e-01
5.310621242484969695e-01 3.904399122392216426e-01
5.307528668027454710e-01 3.907815631262524514e-01
5.290581162324649034e-01 3.926611836008478407e-01
5.289454797913775153e-01 3.927855711422845175e-01
5.271444216507618075e-01 3.947895791583165281e-01
5.270541082164328373e-01 3.948909433675671377e-01
5.253516741081335484e-01 3.967935871743486498e-01
5.250501002004007711e-01 3.971319940324465891e-01
5.235592904374193335e-01 3.987975951903807159e-01
5.230460921843687050e-01 3.993733569506919268e-01
5.217673155588293810e-01 4.008016032064127820e-01
5.210420841683366389e-01 4.016150808249636106e-01
5.199757961759349234e-01 4.028056112224448482e-01
5.190380761523045727e-01 4.038572162402255250e-01
5.181847808747341855e-01 4.048096192384769143e-01
5.170340681362725066e-01 4.060998157685101750e-01
5.163943202293359569e-01 4.068136272545089804e-01
5.150300601202404405e-01 4.083429340806292718e-01
5.146044669147805672e-01 4.088176352705410466e-01
5.130260521042083743e-01 4.105866280653759359e-01
5.128152758275682510e-01 4.108216432865731127e-01
5.110271544960961476e-01 4.128256513026051788e-01
5.110220440881763082e-01 4.128314605378325397e-01
5.092552963074271632e-01 4.148296593186372450e-01
5.090180360721442421e-01 4.150993293689912988e-01
5.074841748107741246e-01 4.168336673346693111e-01
5.070140280561121759e-01 4.173679679235048345e-01
5.057138553043586393e-01 4.188376753507013772e-01
5.050100200400801098e-01 4.196374502467918322e-01
5.039444059577239399e-01 4.208416833667334433e-01
5.030060120240480437e-01 4.219078536074361008e-01
5.021758979850838855e-01 4.228456913827655095e-01
5.010020040080159776e-01 4.241792586935242415e-01
5.004084058312910921e-01 4.248496993987975756e-01
4.989979959919839114e-01 4.264517498233126314e-01
4.986420073715055468e-01 4.268537074148296417e-01
4.969939879759518453e-01 4.287254151714594563e-01
4.968767841257578644e-01 4.288577154308617079e-01
4.951222022561800884e-01 4.308617234468937740e-01
4.949899799599197792e-01 4.310144732151628411e-01
4.933778492620307654e-01 4.328657314629258401e-01
4.929859719438877130e-01 4.333184417690451040e-01
4.916348130744284117e-01 4.348697394789578508e-01
4.909819639278555914e-01 4.356239268409253240e-01
4.898931916731461556e-01 4.368737474949899169e-01
4.889779559118235808e-01 4.379310454116852602e-01
4.881530878210615376e-01 4.388777555110219830e-01
4.869739478957915702e-01 4.402399202151962010e-01
4.864146093796584136e-01 4.408817635270540491e-01
4.849699398797595040e-01 4.425506801251917754e-01
4.846778696496828465e-01 4.428857715430861153e-01
4.829659318637274379e-01 4.448634605734612668e-01
4.829429877393216497e-01 4.448897795591181814e-01
4.812297662944555188e-01 4.468937875751503030e-01
4.809619238476953162e-01 4.472096165185674987e-01
4.795203281595102340e-01 4.488977955911823137e-01
4.789579158316632501e-01 4.495610740045357656e-01
4.778129772718470170e-01 4.509018036072144353e-01
4.769539078156312395e-01 4.519151136483869902e-01
4.761078578153074004e-01 4.529058116232464459e-01
4.749498997995991179e-01 4.542719183533211469e-01
4.744051216741492771e-01 4.549098196392785121e-01
4.729458917835671072e-01 4.566316810486360511e-01
4.727049289832072065e-01 4.569138276553105782e-01
4.710129033758218009e-01 4.589178356713425888e-01
4.709418837675350411e-01 4.590037134881668202e-01
4.693437681213314949e-01 4.609218436873746549e-01
4.689378757515029750e-01 4.614128348086983800e-01
4.676774786831628949e-01 4.629258517034067211e-01
4.669338677354708533e-01 4.638257155964566891e-01
4.660142290799621501e-01 4.649298597194388982e-01
4.649298597194388427e-01 4.662426193654606310e-01
4.643542242701758083e-01 4.669338677354708533e-01
4.629258517034067766e-01 4.686638251818540657e-01
4.626976809755331543e-01 4.689378757515029195e-01
4.610555145385943909e-01 4.709418837675350411e-01
4.609218436873747105e-01 4.711085979785884503e-01
4.594369804614860664e-01 4.729458917835671072e-01
4.589178356713426443e-01 4.735937788142979832e-01
4.578222808644127895e-01 4.749498997995992289e-01
4.569138276553106337e-01 4.760843924162472263e-01
4.562116769480298872e-01 4.769539078156312395e-01
4.549098196392785121e-01 4.785808228858429714e-01
4.546054453748808455e-01 4.789579158316633056e-01
4.530128275259595605e-01 4.809619238476953718e-01
4.529058116232465014e-01 4.811004279621472479e-01
4.514527829446579599e-01 4.829659318637274379e-01
4.509018036072143243e-01 4.836796730692761170e-01
4.498974778163844501e-01 4.849699398797595040e-01
4.488977955911823692e-01 4.862661574211007975e-01
4.483472405907549807e-01 4.869739478957915702e-01
4.468937875751502475e-01 4.888604081755561492e-01
4.468024195468197624e-01 4.889779559118235808e-01
4.452989326904895351e-01 4.909819639278557024e-01
4.448897795591181814e-01 4.915356512972012260e-01
4.438095512227370198e-01 4.929859719438877130e-01
4.428857715430861153e-01 4.942375130639660163e-01
4.423258174093120942e-01 4.949899799599197792e-01
4.408817635270540491e-01 4.969487529895657008e-01
4.408481332591764335e-01 4.969939879759518453e-01
4.394268889512885634e-01 4.989979959919839114e-01
4.388777555110219830e-01 4.997805471111168019e-01
4.380145119916832863e-01 5.010020040080159776e-01
4.368737474949899169e-01 5.026296172366971904e-01
4.366079892356124481e-01 5.030060120240480437e-01
4.352439182586849697e-01 5.050100200400801098e-01
4.348697394789579063e-01 5.055758260626541656e-01
4.339133247787178016e-01 5.070140280561121759e-01
4.328657314629258401e-01 5.085994409253264958e-01
4.325875307411001236e-01 5.090180360721442421e-01
4.313131327678195737e-01 5.110220440881763082e-01
4.308617234468937185e-01 5.117531699238350162e-01
4.300732027535166813e-01 5.130260521042083743e-01
4.288577154308617079e-01 5.149943064186193187e-01
4.288355577477312996e-01 5.150300601202404405e-01
4.276906311804876681e-01 5.170340681362725066e-01
4.268537074148296417e-01 5.184989131128235895e-01
4.265455871737542370e-01 5.190380761523045727e-01
4.254701464366126840e-01 5.210420841683366389e-01
4.248496993987975756e-01 5.222303492341713316e-01
4.244254863521312870e-01 5.230460921843687050e-01
4.234451732513490052e-01 5.250501002004007711e-01
4.228456913827655095e-01 5.263221920905398754e-01
4.225040674360714954e-01 5.270541082164328373e-01
4.216483822759120592e-01 5.290581162324649034e-01
4.208416833667334433e-01 5.309741050152398945e-01
4.208052363464050982e-01 5.310621242484969695e-01
4.201037010307321351e-01 5.330661322645290356e-01
4.194370035428103272e-01 5.350701402805611018e-01
4.188376753507013772e-01 5.369904873724393735e-01
4.188125228306545655e-01 5.370741482965931679e-01
4.183498207631426435e-01 5.390781563126252340e-01
4.179593254321842810e-01 5.410821643286573002e-01
4.176517331531031108e-01 5.430861723446893663e-01
4.174403260695292994e-01 5.450901803607214324e-01
4.173423698853233610e-01 5.470941883767534986e-01
4.173825527791941159e-01 5.490981963927854537e-01
4.176048187018076563e-01 5.511022044088176308e-01
4.181430677668227514e-01 5.531062124248496970e-01
4.188376753507013772e-01 5.543776380303063744e-01
4.194669146118464864e-01 5.531062124248496970e-01
4.208416833667334433e-01 5.522800309233372174e-01
4.217742335289755840e-01 5.511022044088176308e-01
4.228456913827655095e-01 5.503052868892684968e-01
4.239129494274136434e-01 5.490981963927855647e-01
4.248496993987975756e-01 5.483459802721470933e-01
4.260129881364318472e-01 5.470941883767534986e-01
4.268537074148296417e-01 5.463918704730957865e-01
4.280982548442773261e-01 5.450901803607214324e-01
4.288577154308617079e-01 5.444402716177190182e-01
4.301764521765830684e-01 5.430861723446893663e-01
4.308617234468937740e-01 5.424901701371264151e-01
4.322508178444782190e-01 5.410821643286573002e-01
4.328657314629258401e-01 5.405410981005536186e-01
4.343229498411916856e-01 5.390781563126252340e-01
4.348697394789579063e-01 5.385928092617477958e-01
4.363937274324036220e-01 5.370741482965931679e-01
4.368737474949899724e-01 5.366451614137015547e-01
4.384636740814874534e-01 5.350701402805611018e-01
4.388777555110219830e-01 5.346980664759931612e-01
4.405331206354518581e-01 5.330661322645290356e-01
4.408817635270539936e-01 5.327514668026022138e-01
4.426022862458762752e-01 5.310621242484969695e-01
4.428857715430861153e-01 5.308053229338629553e-01
4.446713216579628591e-01 5.290581162324649034e-01
4.448897795591182369e-01 5.288596068238248238e-01
4.467403338163336568e-01 5.270541082164328373e-01
4.468937875751502475e-01 5.269142978853215142e-01
4.488094005637791040e-01 5.250501002004007711e-01
4.488977955911823137e-01 5.249693805737528640e-01
4.508785797940102480e-01 5.230460921843687050e-01
4.509018036072143798e-01 5.230248428536667937e-01
4.529058116232464459e-01 5.210789567424518598e-01
4.529418275617525524e-01 5.210420841683366389e-01
4.549098196392785121e-01 5.191323563249229389e-01
4.550023350650466147e-01 5.190380761523045727e-01
4.569138276553105782e-01 5.171859762776503944e-01
4.570635133632025560e-01 5.170340681362725066e-01
4.589178356713426443e-01 5.152398294081534935e-01
4.591253165414911908e-01 5.150300601202404405e-01
4.609218436873747105e-01 5.132939258999476007e-01
4.611877066101858769e-01 5.130260521042083743e-01
4.629258517034067211e-01 5.113482739095299712e-01
4.632506518200452672e-01 5.110220440881763082e-01
4.649298597194388427e-01 5.094028800077627928e-01
4.653141253902985941e-01 5.090180360721442421e-01
4.669338677354709644e-01 5.074577495109919845e-01
4.673781045359023389e-01 5.070140280561121759e-01
4.689378757515030305e-01 5.055128867327561837e-01
4.694425697150304555e-01 5.050100200400801098e-01
4.709418837675349856e-01 5.035682951774412830e-01
4.715075040407352702e-01 5.030060120240480437e-01
4.729458917835671627e-01 5.016239776909235948e-01
4.735728928164660290e-01 5.010020040080159776e-01
4.749498997995992289e-01 4.996799365789436620e-01
4.756387231660521575e-01 4.989979959919839114e-01
4.769539078156311840e-01 4.977361737009972642e-01
4.777049837364761298e-01 4.969939879759518453e-01
4.789579158316632501e-01 4.957926905454500544e-01
4.797716644572577183e-01 4.949899799599197792e-01
4.809619238476953718e-01 4.938494882901122152e-01
4.818387563442589339e-01 4.929859719438877130e-01
4.829659318637273824e-01 4.919065678514544793e-01
4.839062513386276354e-01 4.909819639278556469e-01
4.849699398797595040e-01 4.899639299248721436e-01
4.859741421737494571e-01 4.889779559118235808e-01
4.869739478957916257e-01 4.880215750178364953e-01
4.880424222646854160e-01 4.869739478957916257e-01
4.889779559118235808e-01 4.860795034773611745e-01
4.901110856157842588e-01 4.849699398797594485e-01
4.909819639278556469e-01 4.841377155128835930e-01
4.921801267430742644e-01 4.829659318637274934e-01
4.929859719438877685e-01 4.821962112154297708e-01
4.942495406087487053e-01 4.809619238476953718e-01
4.949899799599197792e-01 4.802549905737474312e-01
4.963193225656013507e-01 4.789579158316632501e-01
4.969939879759518453e-01 4.783140534879521955e-01
4.983894683096919409e-01 4.769539078156311840e-01
4.989979959919838559e-01 4.763733997811194221e-01
5.004599738398530784e-01 4.749498997995992289e-01
5.010020040080159776e-01 4.744330292091752388e-01
5.025308354229104379e-01 4.729458917835670517e-01
5.030060120240480437e-01 4.724929414693677665e-01
5.046020495636999170e-01 4.709418837675349856e-01
5.050100200400801098e-01 4.705531362075522916e-01
5.066736129791226118e-01 4.689378757515029750e-01
5.070140280561121759e-01 4.686136130244760167e-01
5.087455225756194466e-01 4.669338677354709088e-01
5.090180360721442421e-01 4.666743714812209842e-01
5.108177754295490924e-01 4.649298597194388427e-01
5.110220440881763082e-01 4.647354111039314617e-01
5.128903687700410163e-01 4.629258517034067211e-01
5.130260521042083743e-01 4.627967313879327582e-01
5.149632999639672803e-01 4.609218436873747660e-01
5.150300601202404405e-01 4.608583318013311225e-01
5.170340681362725066e-01 4.589200900923164905e-01
5.170363575446214055e-01 4.589178356713426443e-01
5.190380761523045727e-01 4.569788506861609534e-01
5.191041780593512733e-01 4.569138276553105782e-01
5.210420841683366389e-01 4.550378578760921333e-01
5.211723792817881673e-01 4.549098196392785121e-01
5.230460921843687050e-01 4.530971123508402143e-01
5.232409558120130200e-01 4.529058116232464459e-01
5.250501002004007711e-01 4.511566146914533504e-01
5.253099025696770230e-01 4.509018036072143798e-01
5.270541082164328373e-01 4.492163653816405033e-01
5.273792147660335550e-01 4.488977955911823137e-01
5.290581162324649034e-01 4.472763648169748585e-01
5.294488878789161967e-01 4.468937875751502475e-01
5.310621242484969695e-01 4.453366133130967075e-01
5.315189176303002361e-01 4.448897795591181814e-01
5.330661322645290356e-01 4.433971111130449172e-01
5.335892999661477898e-01 4.428857715430861708e-01
5.350701402805611018e-01 4.414578583938192358e-01
5.356600310382637620e-01 4.408817635270540491e-01
5.370741482965931679e-01 4.395188552722665287e-01
5.377311071879359305e-01 4.388777555110220385e-01
5.390781563126252340e-01 4.375801018103723239e-01
5.398025249311549922e-01 4.368737474949898614e-01
5.410821643286573002e-01 4.356415980200228910e-01
5.418742809452394837e-01 4.348697394789579063e-01
5.430861723446893663e-01 4.337033438673023600e-01
5.439463720567135896e-01 4.328657314629258401e-01
5.450901803607214324e-01 4.317653392763731168e-01
5.460187952302977266e-01 4.308617234468937740e-01
5.470941883767534986e-01 4.298275841329883273e-01
5.480915475589006602e-01 4.288577154308617079e-01
5.490981963927854537e-01 4.278900782876749465e-01
5.501646262545021315e-01 4.268537074148296417e-01
5.511022044088176308e-01 4.259528215586227962e-01
5.522380286398380633e-01 4.248496993987975756e-01
5.531062124248496970e-01 4.240158137343109646e-01
5.543117521408048587e-01 4.228456913827654540e-01
5.551102204408817631e-01 4.220790545758992263e-01
5.563857942795126243e-01 4.208416833667334433e-01
5.571142284569138292e-01 4.201425438194069661e-01
5.584601526679208172e-01 4.188376753507013772e-01
5.591182364729458953e-01 4.182062811777028655e-01
5.605348250020014689e-01 4.168336673346693666e-01
5.611222444889780725e-01 4.162702663423229477e-01
5.626098090563790288e-01 4.148296593186372450e-01
5.631262525050100276e-01 4.143344989851345805e-01
5.646851026794015294e-01 4.128256513026051788e-01
5.651302605210419827e-01 4.123989787598610346e-01
5.667607037886011057e-01 4.108216432865731127e-01
5.671342685370740488e-01 4.104637053034786431e-01
5.688366103665123408e-01 4.088176352705410466e-01
5.691382765531061150e-01 4.085286782375026071e-01
5.709128204568105769e-01 4.068136272545089804e-01
5.711422845691380701e-01 4.065938971691663850e-01
5.729893321607451018e-01 4.048096192384769143e-01
5.731462925851702472e-01 4.046593616925078796e-01
5.750661436338393440e-01 4.028056112224448482e-01
5.751503006012023134e-01 4.027250713893710810e-01
5.771432530828354279e-01 4.008016032064127820e-01
5.771543086172343795e-01 4.007910258303279960e-01
5.791583166332664456e-01 3.988542993580028173e-01
5.792165027716844605e-01 3.987975951903807159e-01
5.811623246492985118e-01 3.969172804805450872e-01
5.812893212622662897e-01 3.967935871743486498e-01
5.831663326653305779e-01 3.949804875841799179e-01
5.833624457677873965e-01 3.947895791583165837e-01
5.851703406813626440e-01 3.930439206005991726e-01
5.854358740028511310e-01 3.927855711422845175e-01
5.871743486973947102e-01 3.911075794375816206e-01
5.875096037531190030e-01 3.907815631262524514e-01
5.891783567134267763e-01 3.891714639805263776e-01
5.895836328715311492e-01 3.887775551102203853e-01
5.911823647294588424e-01 3.872355740938774327e-01
5.916579592747812644e-01 3.867735470941883191e-01
5.931863727454909085e-01 3.852999096224472009e-01
5.937325809400246790e-01 3.847695390781562530e-01
5.951903807615229747e-01 3.833644703926475383e-01
5.958074959018017092e-01 3.827655310621242424e-01
5.971943887775550408e-01 3.814292562136366027e-01
5.978827022491608467e-01 3.807615230460921762e-01
5.991983967935871069e-01 3.794942668783866102e-01
5.999581981229651362e-01 3.787575150300601101e-01
6.012024048096191731e-01 3.775595021646801497e-01
6.020339817133690818e-01 3.767535070140280440e-01
6.032064128256512392e-01 3.756249618360397169e-01
6.041100512574539838e-01 3.747494989979959779e-01
6.052104208416833053e-01 3.736906456425957423e-01
6.061864050370073809e-01 3.727454909819639117e-01
6.072144288577153715e-01 3.717565533218977203e-01
6.082630413764402721e-01 3.707414829659318456e-01
6.092184368737474376e-01 3.698226845996731571e-01
6.103399586408269073e-01 3.687374749498998350e-01
6.112224448897795037e-01 3.678890391905374480e-01
6.124171552340653690e-01 3.667334669338677133e-01
6.132264529058115698e-01 3.659556167986587338e-01
6.144946295971425165e-01 3.647294589178356472e-01
6.152304609218435250e-01 3.640224171183812363e-01
6.165723802065032899e-01 3.627254509018035811e-01
6.172344689378757021e-01 3.620894398348095677e-01
6.186504055725114970e-01 3.607214428857715149e-01
6.192384769539078793e-01 3.601566846243571263e-01
6.207287042379997510e-01 3.587174348697394488e-01
6.212424849699398344e-01 3.582241511552601843e-01
6.228072747769004547e-01 3.567134268537073272e-01
6.232464929859719005e-01 3.562918390880624453e-01
6.248861157929536114e-01 3.547094188376752610e-01
6.252505010020039666e-01 3.543597480760690699e-01
6.269652259184844700e-01 3.527054108216433059e-01
6.272545090180360328e-01 3.524278777657744999e-01
6.290446038132494477e-01 3.507014028056112398e-01
6.292585170340680989e-01 3.504962277972646922e-01
6.311242481633423385e-01 3.486973947895791182e-01
6.312625250501001650e-01 3.485647978045959827e-01
6.332041576801608063e-01 3.466933867735470520e-01
6.332665330661322312e-01 3.466335874161524666e-01
6.352705410821642973e-01 3.447019862242215460e-01
6.352835368028457719e-01 3.446893787575149859e-01
6.372745490981963634e-01 3.427678324849779412e-01
6.373595821755908553e-01 3.426853707414829198e-01
6.392785571142284295e-01 3.408338849646665447e-01
6.394358931818344693e-01 3.406813627254508536e-01
6.412825651302604957e-01 3.389001434777563215e-01
6.415124683830758512e-01 3.386773547094187875e-01
6.432865731462925618e-01 3.369666078287497646e-01
6.435893063709585693e-01 3.366733466933867214e-01
6.452905811623246279e-01 3.350332778126858813e-01
6.456664057661255507e-01 3.346693386773546552e-01
6.472945891783566941e-01 3.331001532156143696e-01
6.477437652171278426e-01 3.326653306613226446e-01
6.492985971943887602e-01 3.311672338150450368e-01
6.498213833993891075e-01 3.306613226452905785e-01
6.513026052104208263e-01 3.292345193803726811e-01
6.518992590142191901e-01 3.286573146292585124e-01
6.533066132264528925e-01 3.273020096732807693e-01
6.539773907878757564e-01 3.266533066132264462e-01
6.553106212424849586e-01 3.253697044481224099e-01
6.560557774706702316e-01 3.246492985971943801e-01
6.573146292585170247e-01 3.234376034522831178e-01
6.581344178361171471e-01 3.226452905811623140e-01
6.593186372745490909e-01 3.215057064265241515e-01
6.602133106801211238e-01 3.206412825651302478e-01
6.613226452905811570e-01 3.195740131053076416e-01
6.622924548202029360e-01 3.186372745490981817e-01
6.633266533066132231e-01 3.176425232171072865e-01
6.643718490947614352e-01 3.166332665330661156e-01
6.653306613226452892e-01 3.157112364847013963e-01
6.664514923623674481e-01 3.146292585170340494e-01
6.673346693386772444e-01 3.137801526254526685e-01
6.685313835010908701e-01 3.126252505010019833e-01
6.693386773547093105e-01 3.118492713515730319e-01
6.706115214078560705e-01 3.106212424849699172e-01
6.713426853707413766e-01 3.099185923703769996e-01
6.726919049978280496e-01 3.086172344689378511e-01
6.733466933867734427e-01 3.079881153845213104e-01
6.747725332038226886e-01 3.066132264529057849e-01
6.753507014028055089e-01 3.060578400922333575e-01
6.768534049757445326e-01 3.046092184368737188e-01
6.773547094188375750e-01 3.041277661875293470e-01
6.789345192800479989e-01 3.026052104208416527e-01
6.793587174348696411e-01 3.021978933604214657e-01
6.810158750992210130e-01 3.006012024048095865e-01
6.813627254509017073e-01 3.002682212971153342e-01
6.830974714312905149e-01 2.985971943887775204e-01
6.833667334669337734e-01 2.983387496801978012e-01
6.851793072893489489e-01 2.965931863727454543e-01
6.853707414829657285e-01 2.964094781888172436e-01
6.872613817011005155e-01 2.945891783567133881e-01
6.873747494989979057e-01 2.944804064988546521e-01
6.893436937084246319e-01 2.925851703406813220e-01
6.893787575150298608e-01 2.925515342830865562e-01
6.913827655310620379e-01 2.906210519576098994e-01
6.914240129985883554e-01 2.905811623246492559e-01
6.933867735470941041e-01 2.886892998705807845e-01
6.935027678826455322e-01 2.885771543086171897e-01
6.953907815631261702e-01 2.867577370650161717e-01
6.955817581899257362e-01 2.865731462925851236e-01
6.973947895791582363e-01 2.848263633281556406e-01
6.976609829132153218e-01 2.845691382765530575e-01
6.993987975951903024e-01 2.828951784422238935e-01
6.997404410610393866e-01 2.825651302605209914e-01
7.014028056112223686e-01 2.809641821846404763e-01
7.018201316571994752e-01 2.805611222444889807e-01
7.034068136272544347e-01 2.790333743282228940e-01
7.039000537403308222e-01 2.785571142284569146e-01
7.054108216432866119e-01 2.771027546413803444e-01
7.059802063634750269e-01 2.765531062124248485e-01
7.074148296593185670e-01 2.751723228882989036e-01
7.080605885936712696e-01 2.745490981963927823e-01
7.094188376753506331e-01 2.732420788291198832e-01
7.101411995115600728e-01 2.725450901803607162e-01
7.114228456913826992e-01 2.713120222201088616e-01
7.122220382110047154e-01 2.705410821643286501e-01
7.134268537074147654e-01 2.693821528138198307e-01
7.143031037987253029e-01 2.685370741482965840e-01
7.154308617234468315e-01 2.674524703592505159e-01
7.163843953939451614e-01 2.665330661322645178e-01
7.174348697394788976e-01 2.655229746019924231e-01
7.184659121280526639e-01 2.645290581162324517e-01
7.194388777555109638e-01 2.635936652843747785e-01
7.205476531442733812e-01 2.625250501002003856e-01
7.214428857715430299e-01 2.616645421456025300e-01
7.226296175973556668e-01 2.605210420841683194e-01
7.234468937875750960e-01 2.597356049218875196e-01
7.247118046532634583e-01 2.585170340681362533e-01
7.254509018036072732e-01 2.578068533465763257e-01
7.267942134888871752e-01 2.565130260521041317e-01
7.274549098196392283e-01 2.558782871502722767e-01
7.288768432917565043e-01 2.545090180360721210e-01
7.294589178356712944e-01 2.539499060609517467e-01
7.309596932597699492e-01 2.525050100200400549e-01
7.314629258517033605e-01 2.520217098040775650e-01
7.330427626009281550e-01 2.505010020040079888e-01
7.334669338677354267e-01 2.500936981027054307e-01
7.351260505330815542e-01 2.484969939879759226e-01
7.354709418837673818e-01 2.481658706775897727e-01
7.372095562836820104e-01 2.464929859719438565e-01
7.374749498997995589e-01 2.462382272472816713e-01
7.392932790895471173e-01 2.444889779559117904e-01
7.394789579158316251e-01 2.443107675282270019e-01
7.413772181966266084e-01 2.424849699398797520e-01
7.414829659318636912e-01 2.423834912348557802e-01
7.434613728597841975e-01 2.404809619238476581e-01
7.434869739478957573e-01 2.404563980796742828e-01
7.454909819639278235e-01 2.385273412942278959e-01
7.455431935296831236e-01 2.384769539078156197e-01
7.474949899799598896e-01 2.365974560404184301e-01
7.476240343663369536e-01 2.364729458917835536e-01
7.494989979959919557e-01 2.346677457742323281e-01
7.497050876576322187e-01 2.344689378757515152e-01
7.515030060120240218e-01 2.327382102872485592e-01
7.517863526450677680e-01 2.324649298597194214e-01
7.535070140280560880e-01 2.308088493680850450e-01
7.538678285796500678e-01 2.304609218436873552e-01
7.555110220440881541e-01 2.288796628025102364e-01
7.559495147216661604e-01 2.284569138276552891e-01
7.575150300601202202e-01 2.269506503735471969e-01
7.580314103404599546e-01 2.264529058116232230e-01
7.595190380761522864e-01 2.250218118615751051e-01
7.601135147142160653e-01 2.244488977955911291e-01
7.615230460921843525e-01 2.230931470444278419e-01
7.621958271297534226e-01 2.224448897795590907e-01
7.635270541082164186e-01 2.211646556974880273e-01
7.642783468823207693e-01 2.204408817635270246e-01
7.655310621242484848e-01 2.192363375937783354e-01
7.663610732754027044e-01 2.184368737474949584e-01
7.675350701402805509e-01 2.173081925040494244e-01
7.684440056205290581e-01 2.164328657314629201e-01
7.695390781563125060e-01 2.153802201968652019e-01
7.705271432370912610e-01 2.144288577154308539e-01
7.715430861723445721e-01 2.134524204386840374e-01
7.726104854521629317e-01 2.124248496993987878e-01
7.735470941883766383e-01 2.115247929939386429e-01
7.746940316003285698e-01 2.104208416833667217e-01
7.755511022044087044e-01 2.095973376251122344e-01
7.767777810235129143e-01 2.084168336673346555e-01
7.775551102204407705e-01 2.076700540928125560e-01
7.788617330708217379e-01 2.064128256513025894e-01
7.795591182364727256e-01 2.057429421558429339e-01
7.809458870983797540e-01 2.044088176352705233e-01
7.815631262525049028e-01 2.038160015712712769e-01
7.830302424691799601e-01 2.024048096192384572e-01
7.835671342685369689e-01 2.018892320944971064e-01
7.851147985529329798e-01 2.004008016032063910e-01
7.855711422845690350e-01 1.999626334793152826e-01
7.871995547259236226e-01 1.983967935871743249e-01
7.875751503006011012e-01 1.980362054779790382e-01
7.892845103708685528e-01 1.963927855711422588e-01
7.895791583166330563e-01 1.961099478412598185e-01
7.913696648767811759e-01 1.943887775551101926e-01
7.915831663326653445e-01 1.941838603185055689e-01
7.934550176388387444e-01 1.923847695390780987e-01
7.935871743486972996e-01 1.922579426576971895e-01
7.955405680582526839e-01 1.903807615230460881e-01
7.955911823647293657e-01 1.903321946055032132e-01
7.975951903807614318e-01 1.884054638657270686e-01
7.976249833494137853e-01 1.883767535070140220e-01
7.995991983967934980e-01 1.864770224152234590e-01
7.997074250494140557e-01 1.863727454909819559e-01
8.016032064128255641e-01 1.845487438355719323e-01
8.017900610199554245e-01 1.843687374749498897e-01
8.036072144288576302e-01 1.826206279320528869e-01
8.038728906633199056e-01 1.823647294589178236e-01
8.056112224448896963e-01 1.806926745079983632e-01
8.059559133880682680e-01 1.803607214428857575e-01
8.076152304609216515e-01 1.787648833648573521e-01
8.080391286089092517e-01 1.783567134268536913e-01
8.096192384769538286e-01 1.768372543022583010e-01
8.101225357465724475e-01 1.763527054108216252e-01
8.116232464929858947e-01 1.749097871180710917e-01
8.122061342276842844e-01 1.743486973947895591e-01
8.136272545090179609e-01 1.729824816084647998e-01
8.142899234846465717e-01 1.723446893787574929e-01
8.156312625250501380e-01 1.710553375679656762e-01
8.163739029555203697e-01 1.703406813627254268e-01
8.176352705410820931e-01 1.691283547895119643e-01
8.184580720839100820e-01 1.683366733466933607e-01
8.196392785571141593e-01 1.672015330645086895e-01
8.205424303188534330e-01 1.663326653306613223e-01
8.216432865731462254e-01 1.652748721828789513e-01
8.226269771147121102e-01 1.643286573146292562e-01
8.236472945891782915e-01 1.633483719331147999e-01
8.247117119310668487e-01 1.623246492985971901e-01
8.256513026052103577e-01 1.614220321023266402e-01
8.267966342326147355e-01 1.603206412825651239e-01
8.276553106212425348e-01 1.594958524762907781e-01
8.288817434890689562e-01 1.583166332665330578e-01
8.296593186372746009e-01 1.575698328394958825e-01
8.309670391750597629e-01 1.563126252505009917e-01
8.316633266533065560e-01 1.556439729751870615e-01
8.330525207700428814e-01 1.543086172344689255e-01
8.336673346693385112e-01 1.537182726654106324e-01
8.351381877582031432e-01 1.523046092184368594e-01
8.356713426853706883e-01 1.517927316910559488e-01
8.372240396283662234e-01 1.503006012024047933e-01
8.376753507014027544e-01 1.498673498318961184e-01
8.393100758739101552e-01 1.482965931863727271e-01
8.396793587174347095e-01 1.479421268666286093e-01
8.413962959926802876e-01 1.462925851703406610e-01
8.416833667334668867e-01 1.460170625729139970e-01
8.434826994869039085e-01 1.442885771543085671e-01
8.436873747494989528e-01 1.440921567274132398e-01
8.455692858631107534e-01 1.422845691382765287e-01
8.456913827655310190e-01 1.421674091058246492e-01
8.476560546320515144e-01 1.402805611222444904e-01
8.476953907815630851e-01 1.402428194829193620e-01
8.496993987975951512e-01 1.383168596749757007e-01
8.497412741738915587e-01 1.382765531062124242e-01
8.517034068136272174e-01 1.363896737440346563e-01
8.518251103366789589e-01 1.362725450901803581e-01
8.537074148296592835e-01 1.344626401471899491e-01
8.539091254893909078e-01 1.342685370741482920e-01
8.557114228456913496e-01 1.325357587042905461e-01
8.559933191501694072e-01 1.322645290581162258e-01
8.577154308617234157e-01 1.306090292338401848e-01
8.580776908414735615e-01 1.302605210420841597e-01
8.597194388777554819e-01 1.286824515530365642e-01
8.601622400899977539e-01 1.282565130260520936e-01
8.617234468937875480e-01 1.267560254778140882e-01
8.622469664265964839e-01 1.262525050100200275e-01
8.637274549098196141e-01 1.248297508228813357e-01
8.643318693862060975e-01 1.242484969939879613e-01
8.657314629258516803e-01 1.229036274017590025e-01
8.664169485077706234e-01 1.222444889779558952e-01
8.677354709418837464e-01 1.209776550268175516e-01
8.685022033341693870e-01 1.202404809619238429e-01
8.697394789579158125e-01 1.190518335093130736e-01
8.705876334121459559e-01 1.182364729458917907e-01
8.717434869739478787e-01 1.171261626594220506e-01
8.726732382922391951e-01 1.162324649298597107e-01
8.737474949899798338e-01 1.152006422862762863e-01
8.747590175287160985e-01 1.142284569138276445e-01
8.757515030060118999e-01 1.132752721979954358e-01
8.768449706795041765e-01 1.122244488977955784e-01
8.777555110220440771e-01 1.113500522017192018e-01
8.789310973061277288e-01 1.102204408817635123e-01
8.797595190380760322e-01 1.094249821036399617e-01
8.810173969736458943e-01 1.082164328657314600e-01
8.817635270541080983e-01 1.075000617090322852e-01
8.831038692505891463e-01 1.062124248496993939e-01
8.837675350701401644e-01 1.055752908222835768e-01
8.851905137089004505e-01 1.042084168336673416e-01
8.857715430861723416e-01 1.036506692469230800e-01
8.872773299238760902e-01 1.022044088176352755e-01
8.877755511022042967e-01 1.017261967856501192e-01
8.893643174741084900e-01 1.002004008016031955e-01
8.897795591182363628e-01 9.980187324036243757e-02
8.914514759414289280e-01 9.819639278557112938e-02
8.917835671342684289e-01 9.787769841218219025e-02
8.935388049108545783e-01 9.619238476953906325e-02
8.937875751503006061e-01 9.595367210148293691e-02
8.956263039705329998e-01 9.418837675350701100e-02
8.957915831663325612e-01 9.402979410791517667e-02
8.977139727116904000e-01 9.218436873747494487e-02
8.977955911823646273e-01 9.210606423043095348e-02
8.997995991983966935e-01 9.018240870687239952e-02
8.998017286864742337e-01 9.018036072144287874e-02
9.018036072144287596e-01 8.825618114747434129e-02
9.018866215737864067e-01 8.817635270541081260e-02
9.038076152304608257e-01 8.633009683953926650e-02
9.039716808440927398e-01 8.617234468937874647e-02
9.058116232464928919e-01 8.440415561797100230e-02
9.060569060985421697e-01 8.416833667334668034e-02
9.078156312625249580e-01 8.247835731668019810e-02
9.081422969413905921e-01 8.216432865731462809e-02
9.098196392785571351e-01 8.055270176861244191e-02
9.102278529799479045e-01 8.016032064128256196e-02
9.118236472945890903e-01 7.862718880577672376e-02
9.123135738245278237e-01 7.815631262525049583e-02
9.138276553106212674e-01 7.670181825927134545e-02
9.143994590883961493e-01 7.615230460921842970e-02
9.158316633266532225e-01 7.477658995931073249e-02
9.164855083877230246e-01 7.414829659318636357e-02
9.178356713426852886e-01 7.285150373525245415e-02
9.185717213415349747e-01 7.214428857715429744e-02
9.198396793587173548e-01 7.092655941562084343e-02
9.206580975716671666e-01 7.014028056112224518e-02
9.218436873747494209e-01 6.900175682813224076e-02
9.227446367027181129e-01 6.813627254509017905e-02
9.238476953907814870e-01 6.707709579971896097e-02
9.248313383620048178e-01 6.613226452905811292e-02
9.258517034068135532e-01 6.515257615655342671e-02
9.269182021795182580e-01 6.412825651302603291e-02
9.278557114228456193e-01 6.322819772406935990e-02
9.290052277878810827e-01 6.212424849699398066e-02
9.298597194388777964e-01 6.130396032698637310e-02
9.310924148223045371e-01 6.012024048096191453e-02
9.318637274549097516e-01 5.937986378932970377e-02
9.331797629205484945e-01 5.811623246492985534e-02
9.338677354709418177e-01 5.745590793445337630e-02
9.352672717228798227e-01 5.611222444889778921e-02
9.358717434869738838e-01 5.553209258505942270e-02
9.373549408720337484e-01 5.410821643286573002e-02
9.378757515030058389e-01 5.360841756321998997e-02
9.394427700131745551e-01 5.210420841683365695e-02
9.398797595190380161e-01 5.168488269039541588e-02
9.415307587938581690e-01 5.010020040080159776e-02
9.418837675350700822e-01 4.976148778745519141e-02
9.436189068639946331e-01 4.809619238476952469e-02
9.438877755511021483e-01 4.783823267469573121e-02
9.457072138758124691e-01 4.609218436873747243e-02
9.458917835671342145e-01 4.591511717186044783e-02
9.477956794838215959e-01 4.408817635270540630e-02
9.478957915831662806e-01 4.399214109815598878e-02
9.498843033447811335e-01 4.208416833667334017e-02
9.498997995991983467e-01 4.206930427227217884e-02
9.519038076152304129e-01 4.014441439387057831e-02
9.519706720768709163e-01 4.008016032064128098e-02
9.539078156312624790e-01 3.821916926295985950e-02
9.540566561983834237e-01 3.807615230460921485e-02
9.559118236472945451e-01 3.629405918802268427e-02
9.561427954416805708e-01 3.607214428857714872e-02
9.579158316633266113e-01 3.436908401674816649e-02
9.582290894743186183e-01 3.406813627254508953e-02
9.599198396793586774e-01 3.244424359609248548e-02
9.603155379660961444e-01 3.206412825651302340e-02
9.619238476953907435e-01 3.051953777230143050e-02
9.624021405890212932e-01 3.006012024048096073e-02
9.639278557114228096e-01 2.859496639092791101e-02
9.644888970172762477e-01 2.805611222444889460e-02
9.659318637274548758e-01 2.667052929685256521e-02
9.665758069271850328e-01 2.605210420841683194e-02
9.679358717434869419e-01 2.474622633430167973e-02
9.686628699971818746e-01 2.404809619238476581e-02
9.699398797595191191e-01 2.282205734686547360e-02
9.707500859077765609e-01 2.204408817635270315e-02
9.719438877755510742e-01 2.089802217751567798e-02
9.728374543415259090e-01 2.004008016032064049e-02
9.739478957915831403e-01 1.897412066862433355e-02
9.749249749830017908e-01 1.803607214428857436e-02
9.759519038076152064e-01 1.705035266197867799e-02
9.770126475187603798e-01 1.603206412825651170e-02
9.779559118236471615e-01 1.512671799879968665e-02
9.791004716373159500e-01 1.402805611222444904e-02
9.799599198396792277e-01 1.320321651975838589e-02
9.811884470291065696e-01 1.202404809619238291e-02
9.819639278557112938e-01 1.127984806499026521e-02
9.832765733864718971e-01 1.002004008016032024e-02
9.839679358717433599e-01 9.356612474113606276e-03
9.853648504036206512e-01 8.016032064128255849e-03
9.859719438877754261e-01 7.433509586241698018e-03
9.874532777766065195e-01 6.012024048096191453e-03
9.879759519038073812e-01 5.510539240001325299e-03
9.895418552032988480e-01 4.008016032064127925e-03
9.899799599198395583e-01 3.587701273543910177e-03
9.916305823833588828e-01 2.004008016032063962e-03
9.919839679358715134e-01 1.664995524562948043e-03
9.937194590182126808e-01 0.000000000000000000e+00
4.272999506038339113e-01 5.727000493961660332e-01
4.268537074148296417e-01 5.721043848993827563e-01
4.259978804209661463e-01 5.711422845691381811e-01
4.248496993987975756e-01 5.695142501572103555e-01
4.245208363275491670e-01 5.691382765531061150e-01
4.231617188756516268e-01 5.671342685370740488e-01
4.228456913827655095e-01 5.665081794633848311e-01
4.219055402430384460e-01 5.651302605210419827e-01
4.208977305273635117e-01 5.631262525050100276e-01
4.208416833667334433e-01 5.629553649935427062e-01
4.198486396841107915e-01 5.611222444889779615e-01
4.190992146827108300e-01 5.591182364729458953e-01
4.188376753507013772e-01 5.577954172189450999e-01
4.181414227483944979e-01 5.571142284569138292e-01
4.168336673346693111e-01 5.559628351276997282e-01
4.161933103345650253e-01 5.571142284569138292e-01
4.148296593186372450e-01 5.580101032036892672e-01
4.139497714803457296e-01 5.591182364729458953e-01
4.128256513026051788e-01 5.599822597090508003e-01
4.118245049528592716e-01 5.611222444889779615e-01
4.108216432865731127e-01 5.619425685950368843e-01
4.097312186141757739e-01 5.631262525050100276e-01
4.088176352705410466e-01 5.638990252327278352e-01
4.076513277978851546e-01 5.651302605210419827e-01
4.068136272545089804e-01 5.658538929992051880e-01
4.055784394946175819e-01 5.671342685370739378e-01
4.048096192384769143e-01 5.678080598540173884e-01
4.035097643041892779e-01 5.691382765531061150e-01
4.028056112224448482e-01 5.697619457841811563e-01
4.014438914489500965e-01 5.711422845691381811e-01
4.008016032064127820e-01 5.717157755659848517e-01
3.993800311282141857e-01 5.731462925851702472e-01
3.987975951903807159e-01 5.736696806691796713e-01
3.973177070467165395e-01 5.751503006012024244e-01
3.967935871743486498e-01 5.756237433627132694e-01
3.952566151732693767e-01 5.771543086172343795e-01
3.947895791583165837e-01 5.775780179649593338e-01
3.931965525477633117e-01 5.791583166332664456e-01
3.927855711422845175e-01 5.795325419575870773e-01
3.911373787004756575e-01 5.811623246492985118e-01
3.907815631262524514e-01 5.814873421885520255e-01
3.890789934909214542e-01 5.831663326653305779e-01
3.887775551102203853e-01 5.834424385222009013e-01
3.870213237535460316e-01 5.851703406813626440e-01
3.867735470941883191e-01 5.853978460835930209e-01
3.849643149207265802e-01 5.871743486973947102e-01
3.847695390781562530e-01 5.873535766906046174e-01
3.829079255853550245e-01 5.891783567134267763e-01
3.827655310621242979e-01 5.893096397972529266e-01
3.808521238660196873e-01 5.911823647294588424e-01
3.807615230460921762e-01 5.912660431323981669e-01
3.787968849140815331e-01 5.931863727454909085e-01
3.787575150300601656e-01 5.932227931427404011e-01
3.767535070140280440e-01 5.951788858356963363e-01
3.767422910704278927e-01 5.951903807615229747e-01
3.747494989979959779e-01 5.971319015397418273e-01
3.746883308981426852e-01 5.971943887775550408e-01
3.727454909819639117e-01 5.990853677071293903e-01
3.726345232556931286e-01 5.991983967935871069e-01
3.707414829659318456e-01 6.010392796235075608e-01
3.705809052410549698e-01 6.012024048096191731e-01
3.687374749498997795e-01 6.029936336324502877e-01
3.685275085160789610e-01 6.032064128256512392e-01
3.667334669338677133e-01 6.049484269284366444e-01
3.664743603186818577e-01 6.052104208416833053e-01
3.647294589178355917e-01 6.069036573971239301e-01
3.644214842571648627e-01 6.072144288577152604e-01
3.627254509018036366e-01 6.088593234907826446e-01
3.623689009394751026e-01 6.092184368737474376e-01
3.607214428857715149e-01 6.108154241301820830e-01
3.603166284760710991e-01 6.112224448897795037e-01
3.587174348697394488e-01 6.127719586266084928e-01
3.582646828850517551e-01 6.132264529058115698e-01
3.567134268537073827e-01 6.147289266193566304e-01
3.562130784210034706e-01 6.152304609218436360e-01
3.547094188376753165e-01 6.166863280252343760e-01
3.541618278438092293e-01 6.172344689378757021e-01
3.527054108216432504e-01 6.186441629974721579e-01
3.521109426398217890e-01 6.192384769539077682e-01
3.507014028056111843e-01 6.206024318920632110e-01
3.500604332049626066e-01 6.212424849699398344e-01
3.486973947895791182e-01 6.225611352400109988e-01
3.480103089971727792e-01 6.232464929859719005e-01
3.466933867735470520e-01 6.245202737243181756e-01
3.459605786640362890e-01 6.252505010020039666e-01
3.446893787575149859e-01 6.264798481607960490e-01
3.439112501501578878e-01 6.272545090180360328e-01
3.426853707414829198e-01 6.284398594819815553e-01
3.418623307879481432e-01 6.292585170340680989e-01
3.406813627254508536e-01 6.304003087235912073e-01
3.398138273747204341e-01 6.312625250501001650e-01
3.386773547094187875e-01 6.323611970130595950e-01
3.377657462384506815e-01 6.332665330661322312e-01
3.366733466933867214e-01 6.343225255598002876e-01
3.357180932940886375e-01 6.352705410821642973e-01
3.346693386773546552e-01 6.362842956468990341e-01
3.336708740919701599e-01 6.372745490981963634e-01
3.326653306613226446e-01 6.382465086239976770e-01
3.316240938595820253e-01 6.392785571142284295e-01
3.306613226452905785e-01 6.402091659011808211e-01
3.295777575377265567e-01 6.412825651302604957e-01
3.286573146292585124e-01 6.421722689437021625e-01
3.275318698119312755e-01 6.432865731462925618e-01
3.266533066132264462e-01 6.441358192674243588e-01
3.254864351398200073e-01 6.452905811623246279e-01
3.246492985971943801e-01 6.460998184348613060e-01
3.234414577750337472e-01 6.472945891783568051e-01
3.226452905811623140e-01 6.480642680517362253e-01
3.213969417881957780e-01 6.492985971943887602e-01
3.206412825651302478e-01 6.500291697639775101e-01
3.193528910853378200e-01 6.513026052104208263e-01
3.186372745490981817e-01 6.519945252550933823e-01
3.173093094241339895e-01 6.533066132264528925e-01
3.166332665330661156e-01 6.539603362438688450e-01
3.152662004282418273e-01 6.553106212424848476e-01
3.146292585170340494e-01 6.559266044823439668e-01
3.132235675999996416e-01 6.573146292585170247e-01
3.126252505010019833e-01 6.578933317540347492e-01
3.111814143316952719e-01 6.593186372745490909e-01
3.106212424849699172e-01 6.598605198723620502e-01
3.091397439155875726e-01 6.613226452905811570e-01
3.086172344689378511e-01 6.618281706792650265e-01
3.070985595528398782e-01 6.633266533066133341e-01
3.066132264529057849e-01 6.637962860439754476e-01
3.050578643614966223e-01 6.653306613226452892e-01
3.046092184368737188e-01 6.657648678619270122e-01
3.030176613836231825e-01 6.673346693386772444e-01
3.026052104208416527e-01 6.677339180537924523e-01
3.009779535917050941e-01 6.693386773547093105e-01
3.006012024048095865e-01 6.697034385646234433e-01
2.989387438943990061e-01 6.713426853707413766e-01
2.985971943887775204e-01 6.716734313630887687e-01
2.969000351417048211e-01 6.733466933867733317e-01
2.965931863727454543e-01 6.736438984407930874e-01
2.948618301296292987e-01 6.753507014028055089e-01
2.945891783567133881e-01 6.756148418116699750e-01
2.928241316043974085e-01 6.773547094188375750e-01
2.925851703406813220e-01 6.775862635114414667e-01
2.907869422662613390e-01 6.793587174348696411e-01
2.905811623246492559e-01 6.795581655971337787e-01
2.887502647729517369e-01 6.813627254509018183e-01
2.885771543086171897e-01 6.815305501466450977e-01
2.867141017428097571e-01 6.833667334669336624e-01
2.865731462925851236e-01 6.835034192583587798e-01
2.846784557576354513e-01 6.853707414829657285e-01
2.845691382765530575e-01 6.854767750507971824e-01
2.826433293652791945e-01 6.873747494989979057e-01
2.825651302605209914e-01 6.874506196623118015e-01
2.806087250820079038e-01 6.893787575150299718e-01
2.805611222444889807e-01 6.894249552508049383e-01
2.785746453946656431e-01 6.913827655310620379e-01
2.785571142284569146e-01 6.913997839934821199e-01
2.765531062124248485e-01 6.933739842812056686e-01
2.765403031267159029e-01 6.933867735470941041e-01
2.745490981963927823e-01 6.953470869532356602e-01
2.745053479422581710e-01 6.953907815631261702e-01
2.725450901803607162e-01 6.973207324288254183e-01
2.724709257432808562e-01 6.973947895791582363e-01
2.705410821643286501e-01 6.992949231824624468e-01
2.704370408420195826e-01 6.993987975951903024e-01
2.685370741482965840e-01 7.012696617184196457e-01
2.684036974584032564e-01 7.014028056112224796e-01
2.665330661322645178e-01 7.032449505701746650e-01
2.663708997262212996e-01 7.034068136272544347e-01
2.645290581162324517e-01 7.052207922998818823e-01
2.643386516988251445e-01 7.054108216432865008e-01
2.625250501002003856e-01 7.071971894978957840e-01
2.623069573544075106e-01 7.074148296593185670e-01
2.605210420841683194e-01 7.091741447823384226e-01
2.602758206008966568e-01 7.094188376753507441e-01
2.585170340681362533e-01 7.111516607987080629e-01
2.582452452804985255e-01 7.114228456913826992e-01
2.565130260521041872e-01 7.131297402195255764e-01
2.562152351739182543e-01 7.134268537074147654e-01
2.545090180360721210e-01 7.151083857440143632e-01
2.541857940042882014e-01 7.154308617234468315e-01
2.525050100200400549e-01 7.170876000978119169e-01
2.521569254408270178e-01 7.174348697394788976e-01
2.505010020040079888e-01 7.190673860327091438e-01
2.501286331022546383e-01 7.194388777555109638e-01
2.484969939879759226e-01 7.210477463264162168e-01
2.481009205599798151e-01 7.214428857715430299e-01
2.464929859719438565e-01 7.230286837823525214e-01
2.460737913410840083e-01 7.234468937875750960e-01
2.444889779559117904e-01 7.250102012294580289e-01
2.440472489311138193e-01 7.254509018036071621e-01
2.424849699398797520e-01 7.269923015220240980e-01
2.420212967767016998e-01 7.274549098196392283e-01
2.404809619238476859e-01 7.289749875395448164e-01
2.399959382880258174e-01 7.294589178356712944e-01
2.384769539078156197e-01 7.309582621865829966e-01
2.379711768411239825e-01 7.314629258517033605e-01
2.364729458917835814e-01 7.329421283926522701e-01
2.359470157800724333e-01 7.334669338677354267e-01
2.344689378757514875e-01 7.349265891121165017e-01
2.339234584190422461e-01 7.354709418837674928e-01
2.324649298597194214e-01 7.369116473240973075e-01
2.319005080442394229e-01 7.374749498997995589e-01
2.304609218436873830e-01 7.388973060323993369e-01
2.298781679157427260e-01 7.394789579158316251e-01
2.284569138276553169e-01 7.408835682654431043e-01
2.278564412692424823e-01 7.414829659318636912e-01
2.264529058116232230e-01 7.428704370762104769e-01
2.258353313176923172e-01 7.434869739478957573e-01
2.244488977955911291e-01 7.448579155422000442e-01
2.238148412528788989e-01 7.454909819639278235e-01
2.224448897795590907e-01 7.468460067653898138e-01
2.217949742469140229e-01 7.474949899799598896e-01
2.204408817635269968e-01 7.488347138722121210e-01
2.197757334536606377e-01 7.494989979959919557e-01
2.184368737474949862e-01 7.508240400135322012e-01
2.177571220100913418e-01 7.515030060120240218e-01
2.164328657314629201e-01 7.528139883646383090e-01
2.157391430375902031e-01 7.535070140280560880e-01
2.144288577154308539e-01 7.548045621252363890e-01
2.137217996431985401e-01 7.555110220440881541e-01
2.124248496993987878e-01 7.567957645194531846e-01
2.117050949208116872e-01 7.575150300601202202e-01
2.104208416833667217e-01 7.587875987958435653e-01
2.096890319523274648e-01 7.595190380761522864e-01
2.084168336673346555e-01 7.607800682274070692e-01
2.076736138087540984e-01 7.615230460921843525e-01
2.064128256513025894e-01 7.627731761116065545e-01
2.056588435512770874e-01 7.635270541082164186e-01
2.044088176352705233e-01 7.647669257703956225e-01
2.036447242322896867e-01 7.655310621242484848e-01
2.024048096192384572e-01 7.667613205502492590e-01
2.016312588963908303e-01 7.675350701402805509e-01
2.004008016032063910e-01 7.687563638221998064e-01
1.996184505813504428e-01 7.695390781563125060e-01
1.983967935871743249e-01 7.707520589818787071e-01
1.976063023190470225e-01 7.715430861723445721e-01
1.963927855711422588e-01 7.727484094495613576e-01
1.955948171363780519e-01 7.735470941883766383e-01
1.943887775551101926e-01 7.747454186702193990e-01
1.935839980561473994e-01 7.755511022044087044e-01
1.923847695390781265e-01 7.767430901135734533e-01
1.915738480979275460e-01 7.775551102204407705e-01
1.903807615230460881e-01 7.787414272741535193e-01
1.895643702789027718e-01 7.795591182364728366e-01
1.883767535070140220e-01 7.807404336713626991e-01
1.875555676146923589e-01 7.815631262525049028e-01
1.863727454909819559e-01 7.827401128495439231e-01
1.855474431201554752e-01 7.835671342685369689e-01
1.843687374749498897e-01 7.847404683780521140e-01
1.835399998101795993e-01 7.855711422845690350e-01
1.823647294589178236e-01 7.867415038513307923e-01
1.815332407004539572e-01 7.875751503006011012e-01
1.803607214428857575e-01 7.887432228889907915e-01
1.795271688082275552e-01 7.895791583166331673e-01
1.783567134268536913e-01 7.907456291358951894e-01
1.775217871530548330e-01 7.915831663326652334e-01
1.763527054108216252e-01 7.927487262622470165e-01
1.755170987575281616e-01 7.935871743486972996e-01
1.743486973947895591e-01 7.947525179636808490e-01
1.735131066479987105e-01 7.955911823647293657e-01
1.723446893787574929e-01 7.967570079613592871e-01
1.715098138552877960e-01 7.975951903807614318e-01
1.703406813627254268e-01 7.987622000020732083e-01
1.695072234153853219e-01 7.995991983967934980e-01
1.683366733466933607e-01 8.007680978583446851e-01
1.675053383701421983e-01 8.016032064128255641e-01
1.663326653306613223e-01 8.027747053285370082e-01
1.655041617679497701e-01 8.036072144288576302e-01
1.643286573146292562e-01 8.047820262369644873e-01
1.635036966644149159e-01 8.056112224448896963e-01
1.623246492985971901e-01 8.067900644340113558e-01
1.615039461230236006e-01 8.076152304609217625e-01
1.603206412825651239e-01 8.087988237962498994e-01
1.595049132157995708e-01 8.096192384769538286e-01
1.583166332665330578e-01 8.108083082265675756e-01
1.575066010239532521e-01 8.116232464929858947e-01
1.563126252505009917e-01 8.128185216542931357e-01
1.555090126385260119e-01 8.136272545090179609e-01
1.543086172344689255e-01 8.148294680353326269e-01
1.535121511610262890e-01 8.156312625250500270e-01
1.523046092184368594e-01 8.168411513523050616e-01
1.515160197040605061e-01 8.176352705410820931e-01
1.503006012024047933e-01 8.188535756146853029e-01
1.495206213919561544e-01 8.196392785571140482e-01
1.482965931863727271e-01 8.208667448589503923e-01
1.475259593613814368e-01 8.216432865731462254e-01
1.462925851703406610e-01 8.228806631487302070e-01
1.455320367619559463e-01 8.236472945891784025e-01
1.442885771543085949e-01 8.248953345749625576e-01
1.435388567568587903e-01 8.256513026052103577e-01
1.422845691382765287e-01 8.269107632560546151e-01
1.415464225234293050e-01 8.276553106212423128e-01
1.402805611222444904e-01 8.289269533380463351e-01
1.395547372537626063e-01 8.296593186372744899e-01
1.382765531062124242e-01 8.309439089947803225e-01
1.375638041553001456e-01 8.316633266533065560e-01
1.362725450901803581e-01 8.329616344280762474e-01
1.355736264514158240e-01 8.336673346693386222e-01
1.342685370741482920e-01 8.349801338679103679e-01
1.335842073819942522e-01 8.356713426853706883e-01
1.322645290581162258e-01 8.369994115725982731e-01
1.315955502040071501e-01 8.376753507014027544e-01
1.302605210420841597e-01 8.390194718289856191e-01
1.296076581920822535e-01 8.396793587174348206e-01
1.282565130260520936e-01 8.410403189526405310e-01
1.276205346390678619e-01 8.416833667334668867e-01
1.262525050100200275e-01 8.430619572880535539e-01
1.256341828565926688e-01 8.436873747494990639e-01
1.242484969939879613e-01 8.450843912088412679e-01
1.236486061756192911e-01 8.456913827655310190e-01
1.222444889779558952e-01 8.471076251179560090e-01
1.216638079469945788e-01 8.476953907815630851e-01
1.202404809619238429e-01 8.491316634479004755e-01
1.196797915419933467e-01 8.496993987975951512e-01
1.182364729458917629e-01 8.511565106609474407e-01
1.176965603528567494e-01 8.517034068136272174e-01
1.162324649298596968e-01 8.531821712493650178e-01
1.157141177933274367e-01 8.537074148296592835e-01
1.142284569138276584e-01 8.552086497356464756e-01
1.137324672991770202e-01 8.557114228456913496e-01
1.122244488977955645e-01 8.572359506727478262e-01
1.117516123287310981e-01 8.577154308617234157e-01
1.102204408817635123e-01 8.592640786443275225e-01
1.097715563633862162e-01 8.597194388777555929e-01
1.082164328657314600e-01 8.612930382649941485e-01
1.077923029081243322e-01 8.617234468937875480e-01
1.062124248496993939e-01 8.633228341805592176e-01
1.058138554920204505e-01 8.637274549098196141e-01
1.042084168336673278e-01 8.653534710682948550e-01
1.038362176687459698e-01 8.657314629258516803e-01
1.022044088176352616e-01 8.673849536371970315e-01
1.018593930170652306e-01 8.677354709418838574e-01
1.002004008016031955e-01 8.694172866282560141e-01
9.988338514132970303e-02 8.697394789579158125e-01
9.819639278557112938e-02 8.714504748147304802e-01
9.790819767196422274e-02 8.717434869739478787e-01
9.619238476953906325e-02 8.734845230024291807e-01
9.593383426594938312e-02 8.737474949899798338e-01
9.418837675350701100e-02 8.755194360299958234e-01
9.396029860729804284e-02 8.757515030060118999e-01
9.218436873747494487e-02 8.775552187692036155e-01
9.198759440752768413e-02 8.777555110220439660e-01
9.018036072144287874e-02 8.795918761252518037e-01
9.001572540612694240e-02 8.797595190380760322e-01
8.817635270541081260e-02 8.816294130370700977e-01
8.804469537101612675e-02 8.817635270541080983e-01
8.617234468937874647e-02 8.836678344776291993e-01
8.607450809900495103e-02 8.837675350701401644e-01
8.416833667334669422e-02 8.857071454542556621e-01
8.410516741624222969e-02 8.857715430861722306e-01
8.216432865731462809e-02 8.877473510089533004e-01
8.213667717866253437e-02 8.877755511022042967e-01
8.016820857594389449e-02 8.897795591182363628e-01
8.016032064128256196e-02 8.897875664550264352e-01
7.819786377174960113e-02 8.917835671342684289e-01
7.815631262525049583e-02 8.918257681468165776e-01
7.622827870836781927e-02 8.937875751503004951e-01
7.615230460921842970e-02 8.938647756398188093e-01
7.425945637679667866e-02 8.957915831663325612e-01
7.414829659318636357e-02 8.959045930361922982e-01
7.229139979440207808e-02 8.977955911823646273e-01
7.214428857715429744e-02 8.979452244625485413e-01
7.032411200520298500e-02 8.997995991983968045e-01
7.014028056112224518e-02 8.999866740701963908e-01
6.835759608014929656e-02 9.018036072144287596e-01
6.813627254509017905e-02 9.020289460353896338e-01
6.639185511739326140e-02 9.038076152304608257e-01
6.613226452905811292e-02 9.040720445595779031e-01
6.442689224255851443e-02 9.058116232464930029e-01
6.412825651302604679e-02 9.061159738696648036e-01
6.246271060900025762e-02 9.078156312625249580e-01
6.212424849699398066e-02 9.081607382182668164e-01
6.049931339806319253e-02 9.098196392785570241e-01
6.012024048096192147e-02 9.102063418839791975e-01
5.853670381933173683e-02 9.118236472945890903e-01
5.811623246492986228e-02 9.122527891716440962e-01
5.657488511087685468e-02 9.138276553106211564e-01
5.611222444889778921e-02 9.143000844126238924e-01
5.461386053949706526e-02 9.158316633266532225e-01
5.410821643286573002e-02 9.163482319650784191e-01
5.265363340095514932e-02 9.178356713426853997e-01
5.210420841683366389e-02 9.183972362142456269e-01
5.069420702020872860e-02 9.198396793587173548e-01
5.010020040080159776e-02 9.204471015727271332e-01
4.873558475163829173e-02 9.218436873747493099e-01
4.809619238476953162e-02 9.224978324807777685e-01
4.677776997926848257e-02 9.238476953907814870e-01
4.609218436873747243e-02 9.245494334065977871e-01
4.482076611698643243e-02 9.258517034068134421e-01
4.408817635270539936e-02 9.266019088466310727e-01
4.286457660875456210e-02 9.278557114228456193e-01
4.208416833667334017e-02 9.286552633258651213e-01
4.090920492882151038e-02 9.298597194388776854e-01
4.008016032064128098e-02 9.307095013981376841e-01
3.895465458192589464e-02 9.318637274549097516e-01
3.807615230460921485e-02 9.327646276464439667e-01
3.700092910349813552e-02 9.338677354709419287e-01
3.607214428857714872e-02 9.348206466832494899e-01
3.504803205985902725e-02 9.358717434869738838e-01
3.406813627254508953e-02 9.368775631508087232e-01
3.309596704841190340e-02 9.378757515030059499e-01
3.206412825651302340e-02 9.389353817214816100e-01
3.114473769783570462e-02 9.398797595190380161e-01
3.006012024048095727e-02 9.409941070980619715e-01
2.919434766827053510e-02 9.418837675350699712e-01
2.805611222444889460e-02 9.430537440141019134e-01
2.724480065150281308e-02 9.438877755511021483e-01
2.605210420841683194e-02 9.451142972342455595e-01
2.529610037114547044e-02 9.458917835671342145e-01
2.404809619238476581e-02 9.471757715545628953e-01
2.334825058281797192e-02 9.478957915831662806e-01
2.204408817635270315e-02 9.492381718028903848e-01
2.140125507432096008e-02 9.498997995991983467e-01
2.004008016032064049e-02 9.513015028391729189e-01
1.945511766581003651e-02 9.519038076152304129e-01
1.803607214428857436e-02 9.533657695558096501e-01
1.750984220996605958e-02 9.539078156312623680e-01
1.603206412825651170e-02 9.554309768780048229e-01
1.556543259216501898e-02 9.559118236472945451e-01
1.402805611222444730e-02 9.574971297641214907e-01
1.362189273064383539e-02 9.579158316633267223e-01
1.202404809619238291e-02 9.595642332060376756e-01
1.167922657666581841e-02 9.599198396793586774e-01
1.002004008016032024e-02 9.616322922295104103e-01
9.737438114684419249e-03 9.619238476953907435e-01
8.016032064128255849e-03 9.637013118945361168e-01
7.796531362504138460e-03 9.639278557114228096e-01
6.012024048096191453e-03 9.657712972957223085e-01
5.856510371441506560e-03 9.659318637274548758e-01
4.008016032064127925e-03 9.678422535626575174e-01
3.917379226484171174e-03 9.679358717434869419e-01
2.004008016032063962e-03 9.699141858602876587e-01
1.979142046449600817e-03 9.699398797595190080e-01
3.781439969187177716e-05 9.719438877755509631e-01
0.000000000000000000e+00 9.719829103270589687e-01
0.000000000000000000e+00 9.316025809580702477e-01
1.728878428782685888e-03 9.298597194388776854e-01
2.004008016032063962e-03 9.295813649525418443e-01
3.715111271423102851e-03 9.278557114228457303e-01
4.008016032064127925e-03 9.275592317206882154e-01
5.700446831242467725e-03 9.258517034068135532e-01
6.012024048096191453e-03 9.255361718221108980e-01
7.684877031476524192e-03 9.238476953907814870e-01
8.016032064128255849e-03 9.235121756312194563e-01
9.668393633620223082e-03 9.218436873747494209e-01
1.002004008016032024e-02 9.214872333319561459e-01
1.165098823216210132e-02 9.198396793587174658e-01
1.202404809619238291e-02 9.194613349123265111e-01
1.363265224910772087e-02 9.178356713426853997e-01
1.402805611222444904e-02 9.174344701587222595e-01
1.561337692828879305e-02 9.158316633266532225e-01
1.603206412825651170e-02 9.154066286500408545e-01
1.759315332943989230e-02 9.138276553106211564e-01
1.803607214428857436e-02 9.133777997515752922e-01
1.957197232204041168e-02 9.118236472945889792e-01
2.004008016032064049e-02 9.113479726086797239e-01
2.154982457890582126e-02 9.098196392785570241e-01
2.204408817635270315e-02 9.093171361401882757e-01
2.352670056951956107e-02 9.078156312625248470e-01
2.404809619238476581e-02 9.072852790315846239e-01
2.550259055309260503e-02 9.058116232464928919e-01
2.605210420841683541e-02 9.052523897279047826e-01
2.747748457133936117e-02 9.038076152304608257e-01
2.805611222444889460e-02 9.032184564263645576e-01
2.945137244095485940e-02 9.018036072144288706e-01
3.006012024048095727e-02 9.011834670686958981e-01
3.142424374578331459e-02 8.997995991983966935e-01
3.206412825651302340e-02 8.991474093331826012e-01
3.339608782865835512e-02 8.977955911823646273e-01
3.406813627254508259e-02 8.971102706263741622e-01
3.536689378290432118e-02 8.957915831663325612e-01
3.607214428857714872e-02 8.950720380744719984e-01
3.733665044348003642e-02 8.937875751503006061e-01
3.807615230460921485e-02 8.930326985143623997e-01
3.930534637774869139e-02 8.917835671342684289e-01
4.008016032064128098e-02 8.909922384842863252e-01
4.127296987585695603e-02 8.897795591182363628e-01
4.208416833667334017e-02 8.889506442141256182e-01
4.323950894070182488e-02 8.877755511022042967e-01
4.408817635270540630e-02 8.869079016152869865e-01
4.520495127746899239e-02 8.857715430861722306e-01
4.609218436873747243e-02 8.848639962701632111e-01
4.716928428271865981e-02 8.837675350701401644e-01
4.809619238476953162e-02 8.828189134211530398e-01
4.913249503299838006e-02 8.817635270541080983e-01
5.010020040080159776e-02 8.807726379592157873e-01
5.109457027295813414e-02 8.797595190380760322e-01
5.210420841683366389e-02 8.787251544119361046e-01
5.305549640294429659e-02 8.777555110220439660e-01
5.410821643286573002e-02 8.766764469310801555e-01
5.501525946604594181e-02 8.757515030060118999e-01
5.611222444889779615e-02 8.746264992796051185e-01
5.697384513456264787e-02 8.737474949899798338e-01
5.811623246492986228e-02 8.725752948181115798e-01
5.893123869587109376e-02 8.717434869739478787e-01
6.012024048096192147e-02 8.705228164906917421e-01
6.088742503765283420e-02 8.697394789579158125e-01
6.212424849699398066e-02 8.684690468101559091e-01
6.284238863245128481e-02 8.677354709418836354e-01
6.412825651302604679e-02 8.664139678425956115e-01
6.479611352152742088e-02 8.657314629258516803e-01
6.613226452905811292e-02 8.643575611912548418e-01
6.674858329797145329e-02 8.637274549098195031e-01
6.813627254509017905e-02 8.622998079796680981e-01
6.869978108903396219e-02 8.617234468937875480e-01
7.014028056112224518e-02 8.602406888340292657e-01
7.064968953763567372e-02 8.597194388777554819e-01
7.214428857715429744e-02 8.581801838647449276e-01
7.259829078300633620e-02 8.577154308617234157e-01
7.414829659318636357e-02 8.561182726471372462e-01
7.454556644041251956e-02 8.557114228456913496e-01
7.615230460921842970e-02 8.540549342012369038e-01
7.649149757991766108e-02 8.537074148296592835e-01
7.815631262525049583e-02 8.519901469706272490e-01
7.843606470412409215e-02 8.517034068136272174e-01
8.016032064128256196e-02 8.499238888002818015e-01
8.037924772484036917e-02 8.496993987975951512e-01
8.216432865731462809e-02 8.478561369133380543e-01
8.232102593861090334e-02 8.476953907815630851e-01
8.416833667334668034e-02 8.457868678867505041e-01
8.426137800104487041e-02 8.456913827655310190e-01
8.617234468937874647e-02 8.437160576257568545e-01
8.620028189987494205e-02 8.436873747494989528e-01
8.814135831528492615e-02 8.416833667334668867e-01
8.817635270541082648e-02 8.416470237991212633e-01
9.008374544503035264e-02 8.396793587174348206e-01
9.018036072144287874e-02 8.395789619721450991e-01
9.202479662682618022e-02 8.376753507014027544e-01
9.218436873747494487e-02 8.375094366275916968e-01
9.396449122485270311e-02 8.356713426853706883e-01
9.418837675350701100e-02 8.354384237722422002e-01
9.590280793453806463e-02 8.336673346693386222e-01
9.619238476953906325e-02 8.333658986880574382e-01
9.783972475352480103e-02 8.316633266533065560e-01
9.819639278557112938e-02 8.312918359019332293e-01
9.977521895114332962e-02 8.296593186372744899e-01
1.002004008016031955e-01 8.292162091538971547e-01
1.017092670363056034e-01 8.276553106212423128e-01
1.022044088176352478e-01 8.271389913636506552e-01
1.036418447237213991e-01 8.256513026052103577e-01
1.042084168336673278e-01 8.250601545953571980e-01
1.055729268983332525e-01 8.236472945891781805e-01
1.062124248496993939e-01 8.229796700205662674e-01
1.075024875778599620e-01 8.216432865731462254e-01
1.082164328657314600e-01 8.208975078791601598e-01
1.094304998733318934e-01 8.196392785571141593e-01
1.102204408817635262e-01 8.188136374381991267e-01
1.113569359474863019e-01 8.176352705410820931e-01
1.122244488977955784e-01 8.167280269485268640e-01
1.132817669708906239e-01 8.156312625250501380e-01
1.142284569138276445e-01 8.146406435990047878e-01
1.152049630756445536e-01 8.136272545090179609e-01
1.162324649298597107e-01 8.125514534682085621e-01
1.171264933065032376e-01 8.116232464929858947e-01
1.182364729458917768e-01 8.104604214734347778e-01
1.190463255692520150e-01 8.096192384769538286e-01
1.202404809619238429e-01 8.083675113168325987e-01
1.209644265761490450e-01 8.076152304609217625e-01
1.222444889779558952e-01 8.062726854284745226e-01
1.228807617882414216e-01 8.056112224448896963e-01
1.242484969939879613e-01 8.041759049061613096e-01
1.247952953543381704e-01 8.036072144288576302e-01
1.262525050100200275e-01 8.020771294517391459e-01
1.267079900464149478e-01 8.016032064128255641e-01
1.282565130260520936e-01 7.999763173036950059e-01
1.286188071912008346e-01 7.995991983967934980e-01
1.302605210420841597e-01 7.978734251657700893e-01
1.305277065976812034e-01 7.975951903807614318e-01
1.322645290581162258e-01 7.957684081313185498e-01
1.324346464802260981e-01 7.955911823647294767e-01
1.342685370741482920e-01 7.936612196031135325e-01
1.343395833770353875e-01 7.935871743486972996e-01
1.362452497768062432e-01 7.915831663326652334e-01
1.362725450901803581e-01 7.915542590497388620e-01
1.381556206946838727e-01 7.895791583166331673e-01
1.382765531062124242e-01 7.894510006568861149e-01
1.400641161037690374e-01 7.875751503006009901e-01
1.402805611222444904e-01 7.873456242934407934e-01
1.419706933768592472e-01 7.855711422845690350e-01
1.422845691382765287e-01 7.852380808989339878e-01
1.438753081107874976e-01 7.835671342685368579e-01
1.442885771543085949e-01 7.831283194486731158e-01
1.457779140318133659e-01 7.815631262525049028e-01
1.462925851703406610e-01 7.810162868494692212e-01
1.476784628949395772e-01 7.795591182364728366e-01
1.482965931863727271e-01 7.789019278286306580e-01
1.495769043766879136e-01 7.775551102204407705e-01
1.503006012024047933e-01 7.767851848156941408e-01
1.514731859608330344e-01 7.755511022044088154e-01
1.523046092184368594e-01 7.746659978163550342e-01
1.533672528165456739e-01 7.735470941883766383e-01
1.543086172344689255e-01 7.725443042779704950e-01
1.552590476683450293e-01 7.715430861723445721e-01
1.563126252505009917e-01 7.704200389459902043e-01
1.571485106572107771e-01 7.695390781563125060e-01
1.583166332665330578e-01 7.682931337105762815e-01
1.590355791921384543e-01 7.675350701402805509e-01
1.603206412825651239e-01 7.661635174426402184e-01
1.609201877913633560e-01 7.655310621242484848e-01
1.623246492985971901e-01 7.640311158184178719e-01
1.628022679123941330e-01 7.635270541082164186e-01
1.643286573146292562e-01 7.618958511316564763e-01
1.646817477699283883e-01 7.615230460921843525e-01
1.663326653306613223e-01 7.597576420923629614e-01
1.665585521406184044e-01 7.595190380761522864e-01
1.683366733466933607e-01 7.576164036109990230e-01
1.684326021535696161e-01 7.575150300601202202e-01
1.703071299097076718e-01 7.555110220440881541e-01
1.703406813627254268e-01 7.554748276978912047e-01
1.721876880608343985e-01 7.535070140280561990e-01
1.723446893787574929e-01 7.533375160092031786e-01
1.740656103047213132e-01 7.515030060120240218e-01
1.743486973947895313e-01 7.511971522029298187e-01
1.759408159167207553e-01 7.494989979959919557e-01
1.763527054108216252e-01 7.490536416614712589e-01
1.778132200845791155e-01 7.474949899799598896e-01
1.783567134268536913e-01 7.469068850204387822e-01
1.796827336459797808e-01 7.454909819639278235e-01
1.803607214428857575e-01 7.447567778599184507e-01
1.815492628055962454e-01 7.434869739478957573e-01
1.823647294589177958e-01 7.426032103713262611e-01
1.834127088297539954e-01 7.414829659318636912e-01
1.843687374749498897e-01 7.404460669975603260e-01
1.852729677166041755e-01 7.394789579158316251e-01
1.863727454909819559e-01 7.382852260439313197e-01
1.871299298394784039e-01 7.374749498997995589e-01
1.883767535070140220e-01 7.361205592570605472e-01
1.889834795608410223e-01 7.354709418837674928e-01
1.903807615230461159e-01 7.339519313686272417e-01
1.908334948139649156e-01 7.334669338677355377e-01
1.923847695390781265e-01 7.317791996004969768e-01
1.926798466491312090e-01 7.314629258517033605e-01
1.943887775551101926e-01 7.296022131273640632e-01
1.945223987407881661e-01 7.294589178356712944e-01
1.963637866459045922e-01 7.274549098196392283e-01
1.963927855711422588e-01 7.274230122924704167e-01
1.982132131349322035e-01 7.254509018036071621e-01
1.983967935871743526e-01 7.252487757407691804e-01
2.000589101803275649e-01 7.234468937875750960e-01
2.004008016032063910e-01 7.230700961439688879e-01
2.019007322959463502e-01 7.214428857715430299e-01
2.024048096192384572e-01 7.208867962430546283e-01
2.037385252352497678e-01 7.194388777555109638e-01
2.044088176352705233e-01 7.186986879308792098e-01
2.055721253219993661e-01 7.174348697394788976e-01
2.064128256513025894e-01 7.165055713999015641e-01
2.074013587185459806e-01 7.154308617234468315e-01
2.084168336673346555e-01 7.143072342083307547e-01
2.092260406248098170e-01 7.134268537074147654e-01
2.104208416833667217e-01 7.121034502554119960e-01
2.110459744001611515e-01 7.114228456913826992e-01
2.124248496993987878e-01 7.098939786553747355e-01
2.128609505993958873e-01 7.094188376753506331e-01
2.144288577154308539e-01 7.076785624981513090e-01
2.146707459128287809e-01 7.074148296593185670e-01
2.164328657314629201e-01 7.054569274833610848e-01
2.164751219991856435e-01 7.054108216432865008e-01
2.182877790272029217e-01 7.034068136272544347e-01
2.184368737474949584e-01 7.032390417790869153e-01
2.200988090903843730e-01 7.014028056112224796e-01
2.204408817635270246e-01 7.010173693239872827e-01
2.219043685517473330e-01 6.993987975951903024e-01
2.224448897795590629e-01 6.987889319580313785e-01
2.237041915374466949e-01 6.973947895791582363e-01
2.244488977955911846e-01 6.965533867220257136e-01
2.254979931316024033e-01 6.953907815631261702e-01
2.264529058116232230e-01 6.943103650499644619e-01
2.272854676408326280e-01 6.933867735470941041e-01
2.284569138276552891e-01 6.920594703217854970e-01
2.290662866652439233e-01 6.913827655310620379e-01
2.304609218436873552e-01 6.898002751300776891e-01
2.308400969502056310e-01 6.893787575150299718e-01
2.324649298597193936e-01 6.875323182209543971e-01
2.326065179892795043e-01 6.873747494989979057e-01
2.343738051967296510e-01 6.853707414829658395e-01
2.344689378757514875e-01 6.852609670858981206e-01
2.361455715881964901e-01 6.833667334669337734e-01
2.364729458917835259e-01 6.829882622071818954e-01
2.379096684710735876e-01 6.813627254509018183e-01
2.384769539078155920e-01 6.807056297284064250e-01
2.396656527288437144e-01 6.793587174348696411e-01
2.404809619238477136e-01 6.784124558915863856e-01
2.414130444594170533e-01 6.773547094188375750e-01
2.424849699398797520e-01 6.761080723709630425e-01
2.431513230775719792e-01 6.753507014028055089e-01
2.444889779559117904e-01 6.737917500569146068e-01
2.448799229107428421e-01 6.733466933867734427e-01
2.464929859719438565e-01 6.714626919704553831e-01
2.465982282096090550e-01 6.713426853707413766e-01
2.483212631193310316e-01 6.693386773547093105e-01
2.484969939879759226e-01 6.691295695717103253e-01
2.500425370827020766e-01 6.673346693386772444e-01
2.505010020040079888e-01 6.667876239384311621e-01
2.517528053685634815e-01 6.653306613226452892e-01
2.525050100200400549e-01 6.644305573598172643e-01
2.534513165415043789e-01 6.633266533066132231e-01
2.545090180360721210e-01 6.620572287997809058e-01
2.551372466173785769e-01 6.613226452905811570e-01
2.565130260521041872e-01 6.596663752581670703e-01
2.568096900918269143e-01 6.593186372745490909e-01
2.584716109149532981e-01 6.573146292585170247e-01
2.585170340681362533e-01 6.572587183534078781e-01
2.601433217623083105e-01 6.553106212424848476e-01
2.605210420841683194e-01 6.548438632091586609e-01
2.618002097115740279e-01 6.533066132264528925e-01
2.625250501002003856e-01 6.524072288684523713e-01
2.634411201040952610e-01 6.513026052104208263e-01
2.645290581162324517e-01 6.499468701374409019e-01
2.650647720857181588e-01 6.492985971943887602e-01
2.665330661322645178e-01 6.474605973762113109e-01
2.666697408832526262e-01 6.472945891783566941e-01
2.682768954756745150e-01 6.452905811623246279e-01
2.685370741482965840e-01 6.449558719237561411e-01
2.698752983286867857e-01 6.432865731462925618e-01
2.705410821643285946e-01 6.424250858091333782e-01
2.714525067950959158e-01 6.412825651302604957e-01
2.725450901803607162e-01 6.398601158604575456e-01
2.730066063497636475e-01 6.392785571142284295e-01
2.745365033421556245e-01 6.372745490981963634e-01
2.745490981963927823e-01 6.372576141653137904e-01
2.760773018261935552e-01 6.352705410821642973e-01
2.765531062124249040e-01 6.346256763232842601e-01
2.775911943965362338e-01 6.332665330661322312e-01
2.785571142284569146e-01 6.319462566754457944e-01
2.790754975552290906e-01 6.312625250501001650e-01
2.805297658775540715e-01 6.292585170340682099e-01
2.805611222444889807e-01 6.292139458829023591e-01
2.819912738223857573e-01 6.272545090180360328e-01
2.825651302605209914e-01 6.264296712534844769e-01
2.834173199353872130e-01 6.252505010020039666e-01
2.845691382765530575e-01 6.235748970304215710e-01
2.848039559682224997e-01 6.232464929859717895e-01
2.861793850393185568e-01 6.212424849699398344e-01
2.865731462925851236e-01 6.206407265505282655e-01
2.875289782935984695e-01 6.192384769539077682e-01
2.885771543086171897e-01 6.176104875195160826e-01
2.888297440325363064e-01 6.172344689378757021e-01
2.901140505640701361e-01 6.152304609218437470e-01
2.905811623246492559e-01 6.144596378941734605e-01
2.913622390445766985e-01 6.132264529058115698e-01
2.925509277451031065e-01 6.112224448897795037e-01
2.925851703406813220e-01 6.111617711652176377e-01
2.937338260537566414e-01 6.092184368737474376e-01
2.945891783567133881e-01 6.076591175251484511e-01
2.948451678674229304e-01 6.072144288577154825e-01
2.959285087490287625e-01 6.052104208416833053e-01
2.965931863727454543e-01 6.038798495563033608e-01
2.969471145790085753e-01 6.032064128256512392e-01
2.979234956355232833e-01 6.012024048096191731e-01
2.985971943887775204e-01 5.996872242295828714e-01
2.988265176164766612e-01 5.991983967935871069e-01
2.996874802731813725e-01 5.971943887775550408e-01
3.004567771767310269e-01 5.951903807615229747e-01
3.006012024048095865e-01 5.947703029107630490e-01
3.011780118090916503e-01 5.931863727454909085e-01
3.018145152328949310e-01 5.911823647294588424e-01
3.023565282521568087e-01 5.891783567134267763e-01
3.026052104208416527e-01 5.880701408730626412e-01
3.028191532949223719e-01 5.871743486973947102e-01
3.031972375478350079e-01 5.851703406813626440e-01
3.034702200922376747e-01 5.831663326653305779e-01
3.036353669610555306e-01 5.811623246492985118e-01
3.036887878372346306e-01 5.791583166332665567e-01
3.036254508634149696e-01 5.771543086172343795e-01
3.034391697146828770e-01 5.751503006012023134e-01
3.031225652660126113e-01 5.731462925851702472e-01
3.026670028745320762e-01 5.711422845691381811e-01
3.026052104208416527e-01 5.709361013748172065e-01
3.020971832063457096e-01 5.691382765531061150e-01
3.013812277194918288e-01 5.671342685370740488e-01
3.006012024048095865e-01 5.653516696367461014e-01
3.005092438137500488e-01 5.651302605210419827e-01
2.995202512176690091e-01 5.631262525050100276e-01
2.985971943887775204e-01 5.615367742894713521e-01
2.983674583706078520e-01 5.611222444889779615e-01
2.970871368963812209e-01 5.591182364729458953e-01
2.965931863727454543e-01 5.584409349345427209e-01
2.956656930134461403e-01 5.571142284569137182e-01
2.945891783567133881e-01 5.557533694083839348e-01
2.940999833741013703e-01 5.551102204408817631e-01
2.925851703406813220e-01 5.533328272669949532e-01
2.923989562796823760e-01 5.531062124248498080e-01
2.905811623246492559e-01 5.511148917016372994e-01
2.905699684435137375e-01 5.511022044088177418e-01
2.886213381037824321e-01 5.490981963927855647e-01
2.885771543086171897e-01 5.490567333373771453e-01
2.865731462925851236e-01 5.471153748184515164e-01
2.865519284230871322e-01 5.470941883767534986e-01
2.845691382765530575e-01 5.452753953506179752e-01
2.843728251384445849e-01 5.450901803607214324e-01
2.825651302605209914e-01 5.435148779263285768e-01
2.820860676474021833e-01 5.430861723446893663e-01
2.805611222444889807e-01 5.418194710359520716e-01
2.796955070435048762e-01 5.410821643286573002e-01
2.785571142284569146e-01 5.401780596823464453e-01
2.772047647178095819e-01 5.390781563126252340e-01
2.765531062124248485e-01 5.385819380526442046e-01
2.746173105623636035e-01 5.370741482965931679e-01
2.745490981963927823e-01 5.370242174104188360e-01
2.725450901803607162e-01 5.355193249322707238e-01
2.719592866521866048e-01 5.350701402805611018e-01
2.705410821643286501e-01 5.340439926248397029e-01
2.692157489639369627e-01 5.330661322645290356e-01
2.685370741482965840e-01 5.325921161083519983e-01
2.665330661322645178e-01 5.311647711019885643e-01
2.663920391434419499e-01 5.310621242484969695e-01
2.645290581162324517e-01 5.297740211354237116e-01
2.635111118180741840e-01 5.290581162324649034e-01
2.625250501002003856e-01 5.283975604884818544e-01
2.605521283015103662e-01 5.270541082164328373e-01
2.605210420841683194e-01 5.270338943641963425e-01
2.585170340681362533e-01 5.257032706053621496e-01
2.575480672910652746e-01 5.250501002004008821e-01
2.565130260521041872e-01 5.243819572573010790e-01
2.545090180360721210e-01 5.230692738780915452e-01
2.544742815059057306e-01 5.230460921843687050e-01
2.525050100200400549e-01 5.217842789671827131e-01
2.513619384341105323e-01 5.210420841683366389e-01
2.505010020040079888e-01 5.205042882766877099e-01
2.484969939879759226e-01 5.192345135256534183e-01
2.481918637921816939e-01 5.190380761523045727e-01
2.464929859719438565e-01 5.179834613985442315e-01
2.449816011877792854e-01 5.170340681362725066e-01
2.444889779559117904e-01 5.167351617713975553e-01
2.424849699398797243e-01 5.155013115709468074e-01
2.417293417397161637e-01 5.150300601202404405e-01
2.404809619238477136e-01 5.142765173743881757e-01
2.384769539078156197e-01 5.130537101242550468e-01
2.384322900433012982e-01 5.130260521042083743e-01
2.364729458917835536e-01 5.118495287602574662e-01
2.351083863354724857e-01 5.110220440881763082e-01
2.344689378757514875e-01 5.106455035111963081e-01
2.324649298597194214e-01 5.094510148871917998e-01
2.317466753073955665e-01 5.090180360721442421e-01
2.304609218436873552e-01 5.082641664906777379e-01
2.284569138276552891e-01 5.070781881139804215e-01
2.283498584267477094e-01 5.070140280561121759e-01
2.264529058116232507e-01 5.059065695846818311e-01
2.249299326586784442e-01 5.050100200400801098e-01
2.244488977955911568e-01 5.047338505426175459e-01
2.224448897795590629e-01 5.035705178284135553e-01
2.214813009077176154e-01 5.030060120240480437e-01
2.204408817635270246e-01 5.024107754685216420e-01
2.184368737474949584e-01 5.012540679536144905e-01
2.180045616246179263e-01 5.010020040080159776e-01
2.164328657314629201e-01 5.001059456434329142e-01
2.145032751161591311e-01 4.989979959919839114e-01
2.144288577154308539e-01 4.989561746469703407e-01
2.124248496993987878e-01 4.978178021093737637e-01
2.109844688395177414e-01 4.969939879759518453e-01
2.104208416833667217e-01 4.966781236978303760e-01
2.084168336673346555e-01 4.955449522470988244e-01
2.074427700175700828e-01 4.949899799599197792e-01
2.064128256513025894e-01 4.944143915804700695e-01
2.044088176352705233e-01 4.932861489201158522e-01
2.038799793130960381e-01 4.929859719438876575e-01
2.024048096192384572e-01 4.921638429101717893e-01
2.004008016032063910e-01 4.910402725900964715e-01
2.002976995881592948e-01 4.909819639278556469e-01
1.983967935871743249e-01 4.899254553937688605e-01
1.967012247828838489e-01 4.889779559118235808e-01
1.963927855711422588e-01 4.888084512223354605e-01
1.943887775551101926e-01 4.876983065336203405e-01
1.930886139420793790e-01 4.869739478957916257e-01
1.923847695390781265e-01 4.865879894010010642e-01
1.903807615230460604e-01 4.854815621136767678e-01
1.894597397887248791e-01 4.849699398797595040e-01
1.883767535070140220e-01 4.843773571342047113e-01
1.863727454909819559e-01 4.832744662012229964e-01
1.858157304027324708e-01 4.829659318637273824e-01
1.843687374749498897e-01 4.821758581611192973e-01
1.823647294589178514e-01 4.810763324416009179e-01
1.821576051350543846e-01 4.809619238476953718e-01
1.803607214428857575e-01 4.799828587272588765e-01
1.784875908509551412e-01 4.789579158316633056e-01
1.783567134268536636e-01 4.788872378151304288e-01
1.763527054108215975e-01 4.777977809178309831e-01
1.748069562559852741e-01 4.769539078156312395e-01
1.743486973947895591e-01 4.767068459195645813e-01
1.723446893787575207e-01 4.756200968053557188e-01
1.711143292228770596e-01 4.749498997995992289e-01
1.703406813627254268e-01 4.745334873816541288e-01
1.683366733466933607e-01 4.734493233002199375e-01
1.674104578410735011e-01 4.729458917835670517e-01
1.663326653306613223e-01 4.723667131066318081e-01
1.643286573146292839e-01 4.712850176096117227e-01
1.636960258106858468e-01 4.709418837675350411e-01
1.623246492985971901e-01 4.702061106014082670e-01
1.603206412825651239e-01 4.691267732242993538e-01
1.599716595241300887e-01 4.689378757515029750e-01
1.583166332665330578e-01 4.680513004102218044e-01
1.563126252505009917e-01 4.669742163644803323e-01
1.562379342136523686e-01 4.669338677354709088e-01
1.543086172344689255e-01 4.659019329494247241e-01
1.524967744070608866e-01 4.649298597194388427e-01
1.523046092184368594e-01 4.648277442165795748e-01
1.503006012024047933e-01 4.637576856912224432e-01
1.487476055145618981e-01 4.629258517034067211e-01
1.482965931863727271e-01 4.626864787735248674e-01
1.462925851703406610e-01 4.616182606531565868e-01
1.449903318109555528e-01 4.609218436873746549e-01
1.442885771543085949e-01 4.605498365673962313e-01
1.422845691382765287e-01 4.594833821560335707e-01
1.412253944334074807e-01 4.589178356713426443e-01
1.402805611222444904e-01 4.584175585276457632e-01
1.382765531062124242e-01 4.573527948180314828e-01
1.374532016791582545e-01 4.569138276553106337e-01
1.362725450901803581e-01 4.562894042641962300e-01
1.342685370741482920e-01 4.552262617570071446e-01
1.336741321308153596e-01 4.549098196392785676e-01
1.322645290581162258e-01 4.541651504468735001e-01
1.302605210420841597e-01 4.531035629766883011e-01
1.298885374222168432e-01 4.529058116232465014e-01
1.282565130260520936e-01 4.520445893473282739e-01
1.262525050100200275e-01 4.509844939155812082e-01
1.260967446926658242e-01 4.509018036072143798e-01
1.242484969939879613e-01 4.499275275250904094e-01
1.222993414358450048e-01 4.488977955911822582e-01
1.222444889779558952e-01 4.488690152546166434e-01
1.202404809619238291e-01 4.478137846416960777e-01
1.184970483772993521e-01 4.468937875751502475e-01
1.182364729458917768e-01 4.467571858378293070e-01
1.162324649298597107e-01 4.457031923888112313e-01
1.146892996191687941e-01 4.448897795591181814e-01
1.142284569138276445e-01 4.446483968784498142e-01
1.122244488977955784e-01 4.435955935179886067e-01
1.108763550390258201e-01 4.428857715430861153e-01
1.102204408817635123e-01 4.425424992022959358e-01
1.082164328657314739e-01 4.414908409611821294e-01
1.070584577234469370e-01 4.408817635270539936e-01
1.062124248496993939e-01 4.404393531164678133e-01
1.042084168336673278e-01 4.393887970324322767e-01
1.032358353508048276e-01 4.388777555110220385e-01
1.022044088176352616e-01 4.383388276797229866e-01
1.002004008016031955e-01 4.372893327022605581e-01
9.940870143591470920e-02 4.368737474949899724e-01
9.819639278557112938e-02 4.362408000380797457e-01
9.619238476953906325e-02 4.351923269372873770e-01
9.557725645260925496e-02 4.348697394789579063e-01
9.418837675350701100e-02 4.341451548190555787e-01
9.218436873747494487e-02 4.330976660984442450e-01
9.174168884820541048e-02 4.328657314629258401e-01
9.018036072144287874e-02 4.320517835786845673e-01
8.817635270541081260e-02 4.310052433918992731e-01
8.790217596202069827e-02 4.308617234468938295e-01
8.617234468937874647e-02 4.299605842961095048e-01
8.416833667334668034e-02 4.289149583674692345e-01
8.405888485854852432e-02 4.288577154308617079e-01
8.216432865731462809e-02 4.278714609111133882e-01
8.021214366222589875e-02 4.268537074148296417e-01
8.016032064128256196e-02 4.268268116368674758e-01
7.815631262525049583e-02 4.257843229004563135e-01
7.636225245689932939e-02 4.248496993987975756e-01
7.615230460921842970e-02 4.247408011769117087e-01
7.414829659318636357e-02 4.236990848893295025e-01
7.250897974001976887e-02 4.228456913827655095e-01
7.214428857715429744e-02 4.226566364379006346e-01
7.014028056112224518e-02 4.216156662946228817e-01
6.865246279279521580e-02 4.208416833667334433e-01
6.813627254509017905e-02 4.205742402223266452e-01
6.613226452905811292e-02 4.195339909970529080e-01
6.479283139888827869e-02 4.188376753507013772e-01
6.412825651302604679e-02 4.184935395432851646e-01
6.212424849699397372e-02 4.174539870395006513e-01
6.093020836363577386e-02 4.168336673346693111e-01
6.012024048096192147e-02 4.164144653445377986e-01
5.811623246492985534e-02 4.153755863491792599e-01
5.706470998960183616e-02 4.148296593186372450e-01
5.611222444889778921e-02 4.143369522423251405e-01
5.410821643286573696e-02 4.132987244814940730e-01
5.319644651276736469e-02 4.128256513026051788e-01
5.210420841683366389e-02 4.122609382870093819e-01
5.010020040080159776e-02 4.112233403836696999e-01
4.932552250317850939e-02 4.108216432865731127e-01
4.809619238476953162e-02 4.101863647428148907e-01
4.609218436873747243e-02 4.091493761764092296e-01
4.545203723345063451e-02 4.088176352705410466e-01
4.408817635270540630e-02 4.081131758841050616e-01
4.208416833667333323e-02 4.070767769520208801e-01
4.157608501815697466e-02 4.068136272545089804e-01
4.008016032064128098e-02 4.060413188067812373e-01
3.807615230460921485e-02 4.050054905875984379e-01
3.769775552680441205e-02 4.048096192384769143e-01
3.607214428857714872e-02 4.039707432535287746e-01
3.406813627254508953e-02 4.029354675719773460e-01
3.381713407281124184e-02 4.028056112224448482e-01
3.206412825651302340e-02 4.019014014517502398e-01
3.006012024048096073e-02 4.008666608453090863e-01
2.993430188065232880e-02 4.008016032064127820e-01
2.805611222444889460e-02 3.998332479631382386e-01
2.605210420841683194e-02 3.987990256502054742e-01
2.604933633310987234e-02 3.987975951903807159e-01
2.404809619238476581e-02 3.977662395439340859e-01
2.216253113448632406e-02 3.967935871743486498e-01
2.204408817635270315e-02 3.967326566058151927e-01
2.004008016032064049e-02 3.957003350150076759e-01
1.827372162197110975e-02 3.947895791583165837e-01
1.803607214428857436e-02 3.946673693275211670e-01
1.603206412825651170e-02 3.936354951409711811e-01
1.438297117961401077e-02 3.927855711422845175e-01
1.402805611222444730e-02 3.926031225988441675e-01
1.202404809619238291e-02 3.915716825176100979e-01
1.049034539914321662e-02 3.907815631262524514e-01
1.002004008016032024e-02 3.905398802547722648e-01
8.016032064128255849e-03 3.895088614669774962e-01
6.595906910448801758e-03 3.887775551102203853e-01
6.012024048096191453e-03 3.884776077790145221e-01
4.008016032064127925e-03 3.874469979395571695e-01
2.699715550092602646e-03 3.867735470941883191e-01
2.004008016032063962e-03 3.864162722117999160e-01
0.000000000000000000e+00 3.853860594229509551e-01
